Species;Size;Habitat;Locomotion;Order;Family
Struthio_camelus;large;Ground;walking;Struthioniformes;Struthionidae
Rhea_americana;large;Ground;walking;Rheiformes;Rheidae
Rhea_pennata;large;Ground;walking;Rheiformes;Rheidae
Casuarius_unappendiculatus;large;Ground;walking;Casuariiformes;Casuariidae
Dromaius_novaehollandiae;large;Tree;walking;Casuariiformes;Dromaiidae
Apteryx_australis;medium;Ground;walking;Apterygiformes;Apterygidae
Nothocercus_bonapartei;medium;Ground;walking;Tinamiformes;Tinamidae
Crypturellus_undulatus;medium;Ground;walking;Tinamiformes;Tinamidae
Crypturellus_parvirostris;medium;Ground;walking;Tinamiformes;Tinamidae
Rhynchotus_rufescens;medium;Ground;walking;Tinamiformes;Tinamidae
Nothoprocta_ornata;medium;Ground;walking;Tinamiformes;Tinamidae
Nothoprocta_perdicaria;medium;Ground;walking;Tinamiformes;Tinamidae
Nothura_maculosa;medium;Ground;walking;Tinamiformes;Tinamidae
Eudromia_formosa;medium;Ground;walking;Tinamiformes;Tinamidae
Ortalis_cinereiceps;medium;Tree;walking;Galliformes;Cracidae
Ortalis_garrula;medium;Tree;walking;Galliformes;Cracidae
Ortalis_leucogastra;medium;Tree;walking;Galliformes;Cracidae
Penelope_superciliaris;medium;Tree;walking;Galliformes;Cracidae
Penelope_obscura;medium;Tree;walking;Galliformes;Cracidae
Penelope_ochrogaster;medium;Tree;walking;Galliformes;Cracidae
Pipile_jacutinga;medium;Tree;walking;Galliformes;Cracidae
Chamaepetes_goudotii;medium;Tree;walking;Galliformes;Cracidae
Mitu_tuberosum;medium;Ground;walking;Galliformes;Cracidae
Pauxi_pauxi;large;Ground;walking;Galliformes;Cracidae
Crax_rubra;large;Ground;walking;Galliformes;Cracidae
Crax_fasciolata;medium;Ground;walking;Galliformes;Cracidae
Megapodius_bernsteinii;medium;Ground;walking;Galliformes;Megapodiidae
Leipoa_ocellata;medium;Ground;walking;Galliformes;Megapodiidae
Tetraogallus_tibetanus;medium;Ground;walking;Galliformes;Phasianidae
Alectoris_barbara;medium;Ground;walking;Galliformes;Phasianidae
Alectoris_rufa;medium;Ground;walking;Galliformes;Phasianidae
Ortygornis_pondicerianus;medium;Ground;walking;Galliformes;Phasianidae
Peliperdix_lathami;medium;Ground;walking;Galliformes;Phasianidae
Ortygornis_sephaena;medium;Ground;walking;Galliformes;Phasianidae
Pternistis_bicalcaratus;medium;Ground;walking;Galliformes;Phasianidae
Pternistis_ahantensis;medium;Ground;walking;Galliformes;Phasianidae
Coturnix_coturnix;medium;Ground;walking;Galliformes;Phasianidae
Coturnix_japonica;medium;Ground;walking;Galliformes;Phasianidae
Perdicula_argoondah;medium;Ground;walking;Galliformes;Phasianidae
Arborophila_rufogularis;medium;Ground;walking;Galliformes;Phasianidae
Arborophila_brunneopectus;medium;Ground;walking;Galliformes;Phasianidae
Ptilopachus_petrosus;medium;Ground;walking;Galliformes;Phasianidae
Bambusicola_thoracicus;medium;Ground;walking;Galliformes;Phasianidae
Galloperdix_lunulata;medium;Ground;walking;Galliformes;Phasianidae
Ithaginis_cruentus;medium;Ground;walking;Galliformes;Phasianidae
Tragopan_caboti;medium;Ground;walking;Galliformes;Phasianidae
Lophophorus_impejanus;medium;Ground;walking;Galliformes;Phasianidae
Gallus_gallus;medium;Ground;walking;Galliformes;Phasianidae
Lophura_nycthemera;medium;Ground;walking;Galliformes;Phasianidae
Lophura_ignita;medium;Ground;walking;Galliformes;Phasianidae
Crossoptilon_auritum;medium;Ground;walking;Galliformes;Phasianidae
Syrmaticus_humiae;medium;Ground;walking;Galliformes;Phasianidae
Phasianus_colchicus;medium;Ground;walking;Galliformes;Phasianidae
Polyplectron_germaini;medium;Ground;walking;Galliformes;Phasianidae
Pavo_cristatus;large;Ground;walking;Galliformes;Phasianidae
Pavo_muticus;medium;Ground;walking;Galliformes;Phasianidae
Tetrao_urogallus;medium;Ground;walking;Galliformes;Phasianidae
Tympanuchus_cupido;medium;Ground;walking;Galliformes;Phasianidae
Meleagris_ocellata;large;Ground;walking;Galliformes;Phasianidae
Numida_meleagris;medium;Ground;walking;Galliformes;Numididae
Dendrortyx_barbatus;medium;Ground;walking;Galliformes;Odontophoridae
Oreortyx_pictus;medium;Ground;walking;Galliformes;Odontophoridae
Callipepla_californica;medium;Ground;walking;Galliformes;Odontophoridae
Colinus_virginianus;medium;Ground;walking;Galliformes;Odontophoridae
Odontophorus_gujanensis;medium;Ground;walking;Galliformes;Odontophoridae
Odontophorus_capueira;medium;Ground;walking;Galliformes;Odontophoridae
Odontophorus_melanonotus;medium;Ground;walking;Galliformes;Odontophoridae
Cyrtonyx_montezumae;medium;Ground;walking;Galliformes;Odontophoridae
Chauna_torquata;large;Ground;walking;Anseriformes;Anhimidae
Anseranas_semipalmata;medium;Ground;walking;Anseriformes;Anseranatidae
Dendrocygna_bicolor;medium;Ground;walking;Anseriformes;Anatidae
Dendrocygna_autumnalis;medium;Ground;walking;Anseriformes;Anatidae
Oxyura_leucocephala;medium;Ground;walking;Anseriformes;Anatidae
Cygnus_olor;large;Ground;walking;Anseriformes;Anatidae
Anser_brachyrhynchus;medium;Ground;walking;Anseriformes;Anatidae
Anser_anser;large;Ground;walking;Anseriformes;Anatidae
Branta_leucopsis;medium;Ground;walking;Anseriformes;Anatidae
Plectropterus_gambensis;large;Ground;walking;Anseriformes;Anatidae
Tadorna_tadornoides;medium;Ground;walking;Anseriformes;Anatidae
Tadorna_tadorna;medium;Ground;walking;Anseriformes;Anatidae
Radjah_radjah;medium;Ground;walking;Anseriformes;Anatidae
Alopochen_aegyptiaca;medium;Ground;walking;Anseriformes;Anatidae
Oressochen_melanopterus;medium;Ground;walking;Anseriformes;Anatidae
Cyanochen_cyanoptera;medium;Ground;walking;Anseriformes;Anatidae
Tachyeres_brachypterus;large;Ground;walking;Anseriformes;Anatidae
Cairina_moschata;medium;Ground;walking;Anseriformes;Anatidae
Lophonetta_specularioides;medium;Ground;walking;Anseriformes;Anatidae
Callonetta_leucophrys;medium;Ground;walking;Anseriformes;Anatidae
Amazonetta_brasiliensis;medium;Ground;walking;Anseriformes;Anatidae
Mareca_penelope;medium;Ground;walking;Anseriformes;Anatidae
Anas_platyrhynchos;medium;Ground;walking;Anseriformes;Anatidae
Anas_melleri;medium;Ground;walking;Anseriformes;Anatidae
Anas_bernieri;medium;Ground;walking;Anseriformes;Anatidae
Marmaronetta_angustirostris;medium;Ground;walking;Anseriformes;Anatidae
Aythya_nyroca;medium;Ground;walking;Anseriformes;Anatidae
Aythya_fuligula;medium;Ground;walking;Anseriformes;Anatidae
Somateria_mollissima;medium;Ground;walking;Anseriformes;Anatidae
Bucephala_clangula;medium;Ground;walking;Anseriformes;Anatidae
Mergus_merganser;medium;Ground;walking;Anseriformes;Anatidae
Turnix_ocellatus;medium;Ground;walking;Charadriiformes;Turnicidae
Turnix_suscitator;small;Ground;walking;Charadriiformes;Turnicidae
Indicator_maculatus;small;Tree;hopping;Piciformes;Indicatoridae
Jynx_torquilla;small;Ground;hopping;Piciformes;Picidae
Picumnus_steindachneri;small;Tree;hopping;Piciformes;Picidae
Sasia_abnormis;small;Tree;hopping;Piciformes;Picidae
Melanerpes_portoricensis;medium;Tree;hopping;Piciformes;Picidae
Melanerpes_cruentatus;medium;Tree;hopping;Piciformes;Picidae
Melanerpes_flavifrons;medium;Tree;hopping;Piciformes;Picidae
Melanerpes_aurifrons;medium;Tree;hopping;Piciformes;Picidae
Sphyrapicus_varius;small;Tree;hopping;Piciformes;Picidae
Campethera_punctuligera;medium;Tree;hopping;Piciformes;Picidae
Campethera_maculosa;small;Tree;hopping;Piciformes;Picidae
Dendropicos_poecilolaemus;small;Tree;hopping;Piciformes;Picidae
Chloropicus_pyrrhogaster;medium;Tree;hopping;Piciformes;Picidae
Dendropicos_spodocephalus;small;Tree;hopping;Piciformes;Picidae
Dendrocopos_atratus;small;Tree;hopping;Piciformes;Picidae
Dendrocopos_major;medium;Tree;hopping;Piciformes;Picidae
Dendrocopos_himalayensis;medium;Tree;hopping;Piciformes;Picidae
Dryobates_nuttallii;small;Tree;hopping;Piciformes;Picidae
Picoides_tridactylus;medium;Tree;hopping;Piciformes;Picidae
Dryobates_chocoensis;small;Tree;hopping;Piciformes;Picidae
Piculus_flavigula;medium;Tree;hopping;Piciformes;Picidae
Colaptes_rivolii;medium;Tree;hopping;Piciformes;Picidae
Colaptes_melanochloros;medium;Tree;hopping;Piciformes;Picidae
Colaptes_rupicola;medium;Ground;hopping;Piciformes;Picidae
Colaptes_campestris;medium;Ground;hopping;Piciformes;Picidae
Celeus_flavescens;medium;Tree;hopping;Piciformes;Picidae
Dryocopus_pileatus;medium;Tree;hopping;Piciformes;Picidae
Campephilus_melanoleucos;medium;Tree;hopping;Piciformes;Picidae
Picus_chlorolophus;medium;Tree;hopping;Piciformes;Picidae
Picus_viridis;medium;Ground;hopping;Piciformes;Picidae
Dinopium_benghalense;medium;Tree;hopping;Piciformes;Picidae
Blythipicus_pyrrhotis;medium;Tree;hopping;Piciformes;Picidae
Mulleripicus_fulvus;medium;Tree;hopping;Piciformes;Picidae
Gymnobucco_bonapartei;medium;Tree;hopping;Piciformes;Ramphastidae
Pogoniulus_scolopaceus;small;Tree;hopping;Piciformes;Ramphastidae
Tricholaema_hirsuta;medium;Tree;hopping;Piciformes;Ramphastidae
Tricholaema_leucomelas;small;Tree;hopping;Piciformes;Ramphastidae
Tricholaema_lacrymosa;small;Tree;hopping;Piciformes;Ramphastidae
Lybius_vieilloti;small;Tree;hopping;Piciformes;Ramphastidae
Lybius_torquatus;small;Tree;hopping;Piciformes;Ramphastidae
Trachyphonus_vaillantii;medium;Ground;hopping;Piciformes;Ramphastidae
Capito_maculicoronatus;small;Tree;hopping;Piciformes;Ramphastidae
Capito_dayi;medium;Tree;hopping;Piciformes;Ramphastidae
Eubucco_bourcierii;small;Tree;hopping;Piciformes;Ramphastidae
Semnornis_ramphastinus;medium;Tree;hopping;Piciformes;Ramphastidae
Aulacorhynchus_coeruleicinctis;medium;Tree;hopping;Piciformes;Ramphastidae
Pteroglossus_azara;medium;Tree;hopping;Piciformes;Ramphastidae
Pteroglossus_aracari;medium;Tree;hopping;Piciformes;Ramphastidae
Pteroglossus_pluricinctus;medium;Tree;hopping;Piciformes;Ramphastidae
Pteroglossus_beauharnaisii;medium;Tree;hopping;Piciformes;Ramphastidae
Andigena_laminirostris;medium;Tree;hopping;Piciformes;Ramphastidae
Selenidera_reinwardtii;medium;Tree;hopping;Piciformes;Ramphastidae
Selenidera_gouldii;medium;Tree;hopping;Piciformes;Ramphastidae
Ramphastos_dicolorus;medium;Tree;hopping;Piciformes;Ramphastidae
Galbula_albirostris;small;Tree;hopping;Piciformes;Galbulidae
Bucco_capensis;small;Ground;hopping;Piciformes;Bucconidae
Malacoptila_striata;small;Ground;hopping;Piciformes;Bucconidae
Monasa_morphoeus;medium;Tree;hopping;Piciformes;Bucconidae
Chelidoptera_tenebrosa;small;Tree;hopping;Piciformes;Bucconidae
Tockus_monteiri;medium;Ground;hopping;Bucerotiformes;Bucerotidae
Tockus_erythrorhynchus;medium;Ground;hopping;Bucerotiformes;Bucerotidae
Tockus_leucomelas;medium;Ground;walking;Bucerotiformes;Bucerotidae
Ocyceros_gingalensis;medium;Tree;hopping;Bucerotiformes;Bucerotidae
Buceros_bicornis;medium;Tree;hopping;Bucerotiformes;Bucerotidae
Anorrhinus_galeritus;medium;Tree;hopping;Bucerotiformes;Bucerotidae
Penelopides_manillae;medium;Tree;hopping;Bucerotiformes;Bucerotidae
Bucorvus_abyssinicus;large;Ground;walking;Bucerotiformes;Bucorvidae
Upupa_epops;medium;Ground;walking;Bucerotiformes;Upupidae
Phoeniculus_purpureus;medium;Tree;hopping;Bucerotiformes;Phoeniculidae
Apaloderma_narina;medium;Tree;hopping;Trogoniformes;Trogonidae
Trogon_viridis;medium;Tree;hopping;Trogoniformes;Trogonidae
Coracias_garrulus;medium;Ground;hopping;Coraciiformes;Coraciidae
Atelornis_pittoides;medium;Ground;walking;Coraciiformes;Brachypteraciidae
Leptosomus_discolor;medium;Tree;hopping;Leptosomiformes;Leptosomidae
Momotus_mexicanus;medium;Ground;hopping;Coraciiformes;Momotidae
Todus_multicolor;small;Tree;hopping;Coraciiformes;Todidae
Alcedo_atthis;small;Ground;walking;Coraciiformes;Alcedinidae
Todiramphus_lazuli;medium;Ground;walking;Coraciiformes;Alcedinidae
Todiramphus_leucopygius;small;Ground;walking;Coraciiformes;Alcedinidae
Tanysiptera_sylvia;small;Ground;hopping;Coraciiformes;Alcedinidae
Chloroceryle_amazona;medium;Ground;hopping;Coraciiformes;Alcedinidae
Merops_gularis;small;Tree;hopping;Coraciiformes;Meropidae
Merops_albicollis;small;Tree;walking;Coraciiformes;Meropidae
Merops_apiaster;medium;Tree;hopping;Coraciiformes;Meropidae
Colius_striatus;small;Tree;hopping;Coliiformes;Coliidae
Urocolius_macrourus;small;Tree;hopping;Coliiformes;Coliidae
Clamator_jacobinus;medium;Tree;hopping;Cuculiformes;Cuculidae
Cuculus_canorus;medium;Tree;hopping;Cuculiformes;Cuculidae
Cacomantis_flabelliformis;small;Tree;hopping;Cuculiformes;Cuculidae
Chrysococcyx_cupreus;small;Tree;hopping;Cuculiformes;Cuculidae
Phaenicophaeus_curvirostris;medium;Tree;hopping;Cuculiformes;Cuculidae
Coua_gigas;medium;Ground;walking;Cuculiformes;Cuculidae
Coua_coquereli;medium;Ground;walking;Cuculiformes;Cuculidae
Coua_ruficeps;medium;Ground;walking;Cuculiformes;Cuculidae
Centropus_phasianinus;medium;Ground;walking;Cuculiformes;Cuculidae
Centropus_bengalensis;medium;Ground;walking;Cuculiformes;Cuculidae
Centropus_monachus;medium;Ground;walking;Cuculiformes;Cuculidae
Coccycua_minuta;small;Tree;hopping;Cuculiformes;Cuculidae
Coccyzus_merlini;medium;Tree;walking;Cuculiformes;Cuculidae
Coccyzus_longirostris;medium;Tree;hopping;Cuculiformes;Cuculidae
Opisthocomus_hoazin;medium;Tree;walking;Opisthocomiformes;Opisthocomidae
Probosciger_aterrimus;medium;Tree;walking;Psittaciformes;Psittacidae
Eolophus_roseicapilla;medium;Ground;walking;Psittaciformes;Psittacidae
Cacatua_leadbeateri;medium;Tree;walking;Psittaciformes;Psittacidae
Cacatua_sanguinea;medium;Ground;walking;Psittaciformes;Psittacidae
Cacatua_tenuirostris;medium;Ground;walking;Psittaciformes;Psittacidae
Eos_bornea;medium;Tree;walking;Psittaciformes;Psittacidae
Saudareos_flavoviridis;medium;Tree;walking;Psittaciformes;Psittacidae
Lorius_chlorocercus;medium;Tree;walking;Psittaciformes;Psittacidae
Vini_ultramarina;small;Tree;walking;Psittaciformes;Psittacidae
Synorhacma_multistriata;small;Tree;walking;Psittaciformes;Psittacidae
Nestor_notabilis;medium;Tree;walking;Psittaciformes;Psittacidae
Micropsitta_pusio;small;Tree;hopping;Psittaciformes;Psittacidae
Micropsitta_finschii;small;Tree;hopping;Psittaciformes;Psittacidae
Psittacella_brehmii;medium;Tree;hopping;Psittaciformes;Psittacidae
Tanygnathus_megalorynchos;medium;Tree;walking;Psittaciformes;Psittacidae
Psittrichas_fulgidus;medium;Tree;walking;Psittaciformes;Psittacidae
Alisterus_scapularis;medium;Tree;walking;Psittaciformes;Psittacidae
Barnardius_zonarius;medium;Tree;walking;Psittaciformes;Psittacidae
Platycercus_caledonicus;medium;Tree;walking;Psittaciformes;Psittacidae
Platycercus_elegans;medium;Tree;walking;Psittaciformes;Psittacidae
Psephotus_haematonotus;medium;Tree;walking;Psittaciformes;Psittacidae
Cyanoramphus_unicolor;medium;Tree;walking;Psittaciformes;Psittacidae
Cyanoramphus_auriceps;small;Ground;walking;Psittaciformes;Psittacidae
Neophema_chrysogaster;small;Ground;walking;Psittaciformes;Psittacidae
Psittacus_erithacus;medium;Tree;walking;Psittaciformes;Psittacidae
Poicephalus_flavifrons;medium;Tree;walking;Psittaciformes;Psittacidae
Agapornis_canus;small;Ground;walking;Psittaciformes;Psittacidae
Agapornis_lilianae;small;Tree;walking;Psittaciformes;Psittacidae
Loriculus_philippensis;small;Tree;walking;Psittaciformes;Psittacidae
Loriculus_exilis;small;Tree;walking;Psittaciformes;Psittacidae
Anodorhynchus_hyacinthinus;medium;Tree;walking;Psittaciformes;Psittacidae
Ara_macao;medium;Tree;walking;Psittaciformes;Psittacidae
Ara_severus;medium;Tree;walking;Psittaciformes;Psittacidae
Psittacara_leucophthalmus;medium;Tree;walking;Psittaciformes;Psittacidae
Aratinga_jandaya;medium;Tree;walking;Psittaciformes;Psittacidae
Eupsittula_aurea;medium;Ground;walking;Psittaciformes;Psittacidae
Aratinga_nenday;medium;Ground;walking;Psittaciformes;Psittacidae
Leptosittaca_branickii;medium;Tree;walking;Psittaciformes;Psittacidae
Pyrrhura_frontalis;medium;Tree;walking;Psittaciformes;Psittacidae
Pyrrhura_leucotis;medium;Tree;walking;Psittaciformes;Psittacidae
Bolborhynchus_orbygnesius;small;Tree;walking;Psittaciformes;Psittacidae
Forpus_conspicillatus;small;Ground;walking;Psittaciformes;Psittacidae
Brotogeris_tirica;medium;Tree;walking;Psittaciformes;Psittacidae
Brotogeris_jugularis;medium;Tree;walking;Psittaciformes;Psittacidae
Touit_batavicus;medium;Tree;walking;Psittaciformes;Psittacidae
Pyrilia_pyrilia;medium;Tree;walking;Psittaciformes;Psittacidae
Hapalopsittaca_amazonina;medium;Tree;walking;Psittaciformes;Psittacidae
Pionus_maximiliani;medium;Tree;walking;Psittaciformes;Psittacidae
Amazona_ochrocephala;medium;Tree;walking;Psittaciformes;Psittacidae
Deroptyus_accipitrinus;medium;Tree;walking;Psittaciformes;Psittacidae
Streptoprocne_zonaris;medium;Tree;hopping;Apodiformes;Apodidae
Chaetura_spinicaudus;small;Tree;hopping;Apodiformes;Apodidae
Hemiprocne_comata;small;Tree;hopping;Apodiformes;Hemiprocnidae
Phaethornis_eurynome;small;Tree;hopping;Apodiformes;Trochilidae
Phaethornis_striigularis;small;Tree;hopping;Apodiformes;Trochilidae
Ramphodon_naevius;small;Tree;hopping;Apodiformes;Trochilidae
Lophornis_ornatus;small;Tree;hopping;Apodiformes;Trochilidae
Phlogophilus_harterti;small;Tree;hopping;Apodiformes;Trochilidae
Heliodoxa_aurescens;small;Tree;hopping;Apodiformes;Trochilidae
Topaza_pella;small;Tree;hopping;Apodiformes;Trochilidae
Taphrolesbia_griseiventris;small;Tree;hopping;Apodiformes;Trochilidae
Heliomaster_squamosus;small;Tree;hopping;Apodiformes;Trochilidae
Archilochus_alexandri;small;Tree;hopping;Apodiformes;Trochilidae
Calypte_anna;small;Tree;hopping;Apodiformes;Trochilidae
Tauraco_corythaix;medium;Tree;hopping;Musophagiformes;Musophagidae
Musophaga_violacea;medium;Tree;walking;Musophagiformes;Musophagidae
Corythaeola_cristata;medium;Tree;walking;Musophagiformes;Musophagidae
Tyto_alba;medium;Ground;walking;Strigiformes;Tytonidae
Megascops_koepckeae;medium;Ground;hopping;Strigiformes;Strigidae
Bubo_bengalensis;medium;Ground;walking;Strigiformes;Strigidae
Bubo_africanus;medium;Ground;walking;Strigiformes;Strigidae
Strix_seloputo;medium;Ground;walking;Strigiformes;Strigidae
Strix_aluco;medium;Ground;walking;Strigiformes;Strigidae
Athene_noctua;medium;Ground;walking;Strigiformes;Strigidae
Aegolius_harrisii;medium;Ground;walking;Strigiformes;Strigidae
Asio_otus;medium;Ground;walking;Strigiformes;Strigidae
Aegotheles_cristatus;small;Ground;walking;Apodiformes;Aegothelidae
Podargus_strigoides;medium;Ground;walking;Caprimulgiformes;Podargidae
Steatornis_caripensis;medium;Tree;walking;Caprimulgiformes;Steatornithidae
Chordeiles_pusillus;small;Tree;walking;Caprimulgiformes;Caprimulgidae
Chordeiles_nacunda;medium;Tree;walking;Caprimulgiformes;Caprimulgidae
Nyctipolus_nigrescens;small;Tree;walking;Caprimulgiformes;Caprimulgidae
Columba_livia;medium;Ground;walking;Columbiformes;Columbidae
Columba_oenas;medium;Ground;walking;Columbiformes;Columbidae
Columba_argentina;medium;Tree;walking;Columbiformes;Columbidae
Patagioenas_picazuro;medium;Tree;walking;Columbiformes;Columbidae
Patagioenas_cayennensis;medium;Tree;walking;Columbiformes;Columbidae
Aplopelia_larvata;medium;Ground;walking;Columbiformes;Columbidae
Streptopelia_turtur;medium;Ground;walking;Columbiformes;Columbidae
Spilopelia_senegalensis;medium;Ground;walking;Columbiformes;Columbidae
Spilopelia_chinensis;medium;Ground;walking;Columbiformes;Columbidae
Streptopelia_capicola;medium;Ground;walking;Columbiformes;Columbidae
Streptopelia_semitorquata;medium;Ground;walking;Columbiformes;Columbidae
Macropygia_amboinensis;medium;Tree;walking;Columbiformes;Columbidae
Turacoena_modesta;medium;Tree;walking;Columbiformes;Columbidae
Oena_capensis;small;Ground;walking;Columbiformes;Columbidae
Phaps_chalcoptera;medium;Ground;walking;Columbiformes;Columbidae
Phaps_elegans;medium;Ground;walking;Columbiformes;Columbidae
Ocyphaps_lophotes;medium;Ground;walking;Columbiformes;Columbidae
Geophaps_smithii;medium;Ground;walking;Columbiformes;Columbidae
Geopelia_cuneata;small;Ground;walking;Columbiformes;Columbidae
Leucosarcia_melanoleuca;medium;Ground;walking;Columbiformes;Columbidae
Zenaida_aurita;medium;Tree;walking;Columbiformes;Columbidae
Columbina_passerina;small;Ground;walking;Columbiformes;Columbidae
Columbina_talpacoti;small;Ground;walking;Columbiformes;Columbidae
Claravis_pretiosa;medium;Ground;walking;Columbiformes;Columbidae
Metriopelia_aymara;medium;Ground;walking;Columbiformes;Columbidae
Leptotila_verreauxi;medium;Ground;walking;Columbiformes;Columbidae
Leptotila_rufaxilla;medium;Ground;walking;Columbiformes;Columbidae
Geotrygon_saphirina;medium;Ground;walking;Columbiformes;Columbidae
Geotrygon_mystacea;medium;Ground;walking;Columbiformes;Columbidae
Geotrygon_montana;medium;Ground;walking;Columbiformes;Columbidae
Gallicolumba_luzonica;medium;Ground;walking;Columbiformes;Columbidae
Gallicolumba_crinigera;medium;Ground;walking;Columbiformes;Columbidae
Gallicolumba_tristigmata;medium;Ground;walking;Columbiformes;Columbidae
Trugon_terrestris;medium;Ground;walking;Columbiformes;Columbidae
Treron_calvus;medium;Tree;walking;Columbiformes;Columbidae
Treron_formosae;medium;Tree;walking;Columbiformes;Columbidae
Ptilinopus_richardsii;medium;Tree;walking;Columbiformes;Columbidae
Ptilinopus_rivoli;medium;Tree;walking;Columbiformes;Columbidae
Ptilinopus_granulifrons;medium;Tree;walking;Columbiformes;Columbidae
Ducula_pacifica;medium;Ground;walking;Columbiformes;Columbidae
Goura_scheepmakeri;medium;Ground;walking;Columbiformes;Columbidae
Eurypyga_helias;medium;Ground;walking;Eurypygiformes;Eurypygidae
Tetrax_tetrax;medium;Ground;walking;Otidiformes;Otididae
Otis_tarda;large;Ground;walking;Otidiformes;Otididae
Neotis_denhami;large;Ground;walking;Otidiformes;Otididae
Neotis_ludwigii;large;Ground;walking;Otidiformes;Otididae
Ardeotis_kori;large;Ground;walking;Otidiformes;Otididae
Chlamydotis_undulata;medium;Ground;walking;Otidiformes;Otididae
Afrotis_afraoides;medium;Ground;walking;Otidiformes;Otididae
Lissotis_melanogaster;medium;Ground;walking;Otidiformes;Otididae
Houbaropsis_bengalensis;medium;Ground;walking;Otidiformes;Otididae
Balearica_regulorum;large;Ground;walking;Gruiformes;Gruidae
Leucogeranus_leucogeranus;large;Ground;walking;Gruiformes;Gruidae
Anthropoides_paradiseus;large;Ground;walking;Gruiformes;Gruidae
Grus_grus;large;Ground;walking;Gruiformes;Gruidae
Grus_nigricollis;large;Ground;walking;Gruiformes;Gruidae
Aramus_guarauna;medium;Ground;walking;Gruiformes;Aramidae
Heliornis_fulica;medium;Ground;walking;Gruiformes;Heliornithidae
Psophia_crepitans;medium;Ground;walking;Gruiformes;Psophiidae
Cariama_cristata;medium;Ground;walking;Cariamiformes;Cariamidae
Chunga_burmeisteri;medium;Ground;walking;Cariamiformes;Cariamidae
Sarothrura_pulchra;small;Ground;walking;Gruiformes;Rallidae
Rallina_tricolor;medium;Ground;walking;Gruiformes;Rallidae
Rallina_eurizonoides;medium;Ground;walking;Gruiformes;Rallidae
Laterallus_ruber;small;Ground;walking;Gruiformes;Rallidae
Gallirallus_okinawae;medium;Ground;walking;Gruiformes;Rallidae
Rallus_limicola;medium;Ground;walking;Gruiformes;Rallidae
Rallus_semiplumbeus;medium;Ground;walking;Gruiformes;Rallidae
Rallus_aquaticus;medium;Ground;walking;Gruiformes;Rallidae
Lewinia_pectoralis;medium;Ground;walking;Gruiformes;Rallidae
Crex_crex;medium;Ground;walking;Gruiformes;Rallidae
Aramides_cajaneus;medium;Ground;walking;Gruiformes;Rallidae
Aramides_saracura;medium;Ground;walking;Gruiformes;Rallidae
Amaurornis_olivacea;medium;Ground;walking;Gruiformes;Rallidae
Amaurornis_phoenicurus;medium;Ground;walking;Gruiformes;Rallidae
Porzana_porzana;medium;Ground;walking;Gruiformes;Rallidae
Porzana_carolina;medium;Ground;walking;Gruiformes;Rallidae
Mustelirallus_albicollis;medium;Ground;walking;Gruiformes;Rallidae
Pardirallus_sanguinolentus;medium;Ground;walking;Gruiformes;Rallidae
Porphyrio_porphyrio;medium;Ground;walking;Gruiformes;Rallidae
Gallinula_chloropus;medium;Ground;walking;Gruiformes;Rallidae
Fulica_alai;medium;Ground;walking;Gruiformes;Rallidae
Mesitornis_variegatus;medium;Ground;walking;Mesitornithiformes;Mesitornithidae
Monias_benschi;medium;Ground;walking;Mesitornithiformes;Mesitornithidae
Syrrhaptes_tibetanus;medium;Ground;walking;Pteroclidiformes;Pteroclididae
Pterocles_alchata;medium;Ground;walking;Pteroclidiformes;Pteroclididae
Pterocles_personatus;medium;Ground;walking;Pteroclidiformes;Pteroclididae
Pterocles_bicinctus;medium;Ground;walking;Pteroclidiformes;Pteroclididae
Attagis_gayi;medium;Ground;walking;Charadriiformes;Thinocoridae
Pedionomus_torquatus;medium;Ground;walking;Charadriiformes;Pedionomidae
Scolopax_mira;medium;Ground;walking;Charadriiformes;Scolopacidae
Gallinago_nemoricola;medium;Ground;walking;Charadriiformes;Scolopacidae
Gallinago_paraguaiae;medium;Ground;walking;Charadriiformes;Scolopacidae
Limosa_limosa;medium;Ground;walking;Charadriiformes;Scolopacidae
Limosa_lapponica;medium;Ground;walking;Charadriiformes;Scolopacidae
Numenius_phaeopus;medium;Ground;walking;Charadriiformes;Scolopacidae
Numenius_arquata;medium;Ground;walking;Charadriiformes;Scolopacidae
Bartramia_longicauda;medium;Ground;walking;Charadriiformes;Scolopacidae
Tringa_totanus;medium;Ground;walking;Charadriiformes;Scolopacidae
Tringa_nebularia;medium;Ground;walking;Charadriiformes;Scolopacidae
Tringa_flavipes;medium;Ground;walking;Charadriiformes;Scolopacidae
Actitis_hypoleucos;small;Ground;walking;Charadriiformes;Scolopacidae
Actitis_macularius;small;Ground;walking;Charadriiformes;Scolopacidae
Arenaria_interpres;medium;Ground;walking;Charadriiformes;Scolopacidae
Limnodromus_griseus;medium;Ground;walking;Charadriiformes;Scolopacidae
Calidris_alba;small;Ground;walking;Charadriiformes;Scolopacidae
Calidris_mauri;small;Ground;walking;Charadriiformes;Scolopacidae
Calidris_minutilla;small;Ground;walking;Charadriiformes;Scolopacidae
Calidris_pugnax;medium;Ground;walking;Charadriiformes;Scolopacidae
Phalaropus_lobatus;small;Ground;walking;Charadriiformes;Scolopacidae
Rostratula_benghalensis;medium;Ground;walking;Charadriiformes;Rostratulidae
Actophilornis_africanus;medium;Ground;walking;Charadriiformes;Jacanidae
Microparra_capensis;small;Ground;walking;Charadriiformes;Jacanidae
Metopidius_indicus;medium;Ground;walking;Charadriiformes;Jacanidae
Jacana_spinosa;medium;Ground;walking;Charadriiformes;Jacanidae
Burhinus_oedicnemus;medium;Ground;walking;Charadriiformes;Burhinidae
Hesperoburhinus_bistriatus;medium;Ground;walking;Charadriiformes;Burhinidae
Haematopus_palliatus;medium;Ground;walking;Charadriiformes;Haematopodidae
Himantopus_himantopus;medium;Ground;walking;Charadriiformes;Recurvirostridae
Cladorhynchus_leucocephalus;medium;Ground;walking;Charadriiformes;Recurvirostridae
Recurvirostra_avosetta;medium;Ground;walking;Charadriiformes;Recurvirostridae
Pluvialis_squatarola;medium;Ground;walking;Charadriiformes;Charadriidae
Charadrius_semipalmatus;small;Ground;walking;Charadriiformes;Charadriidae
Anarhynchus_pecuarius;small;Ground;walking;Charadriiformes;Charadriidae
Anarhynchus_alexandrinus;small;Ground;walking;Charadriiformes;Charadriidae
Anarhynchus_collaris;small;Ground;walking;Charadriiformes;Charadriidae
Anarhynchus_veredus;medium;Ground;walking;Charadriiformes;Charadriidae
Charadrius_novaeseelandiae;medium;Ground;walking;Charadriiformes;Charadriidae
Phegornis_mitchellii;small;Ground;walking;Charadriiformes;Charadriidae
Vanellus_crassirostris;medium;Ground;walking;Charadriiformes;Charadriidae
Vanellus_spinosus;medium;Ground;walking;Charadriiformes;Charadriidae
Vanellus_lugubris;medium;Ground;walking;Charadriiformes;Charadriidae
Vanellus_chilensis;medium;Ground;walking;Charadriiformes;Charadriidae
Pluvianus_aegyptius;medium;Ground;walking;Charadriiformes;Glareolidae
Glareola_pratincola;medium;Tree;walking;Charadriiformes;Glareolidae
Glareola_nuchalis;medium;Tree;walking;Charadriiformes;Glareolidae
Stercorarius_parasiticus;medium;Ground;walking;Charadriiformes;Stercorariidae
Rynchops_niger;medium;Ground;walking;Charadriiformes;Laridae
Larus_belcheri;medium;Ground;walking;Charadriiformes;Laridae
Larus_californicus;medium;Ground;walking;Charadriiformes;Laridae
Larus_fuscus;medium;Ground;walking;Charadriiformes;Laridae
Chroicocephalus_genei;medium;Ground;walking;Charadriiformes;Laridae
Chroicocephalus_serranus;medium;Ground;walking;Charadriiformes;Laridae
Ichthyaetus_melanocephalus;medium;Ground;walking;Charadriiformes;Laridae
Pagophila_eburnea;medium;Ground;walking;Charadriiformes;Laridae
Rissa_tridactyla;medium;Ground;walking;Charadriiformes;Laridae
Sterna_hirundinacea;medium;Ground;walking;Charadriiformes;Laridae
Sterna_hirundo;medium;Ground;walking;Charadriiformes;Laridae
Sterna_paradisaea;medium;Ground;walking;Charadriiformes;Laridae
Anous_minutus;medium;Ground;walking;Charadriiformes;Laridae
Uria_lomvia;medium;Ground;walking;Charadriiformes;Alcidae
Aethia_cristatella;medium;Ground;walking;Charadriiformes;Alcidae
Fratercula_arctica;medium;Ground;walking;Charadriiformes;Alcidae
Pandion_haliaetus;medium;Ground;walking;Accipitriformes;Accipitridae
Chondrohierax_uncinatus;medium;Tree;walking;Accipitriformes;Accipitridae
Elanus_caeruleus;medium;Ground;walking;Accipitriformes;Accipitridae
Ictinia_plumbea;medium;Tree;hopping;Accipitriformes;Accipitridae
Milvus_migrans;medium;Ground;walking;Accipitriformes;Accipitridae
Haliaeetus_albicilla;large;Ground;walking;Accipitriformes;Accipitridae
Gypaetus_barbatus;large;Ground;walking;Accipitriformes;Accipitridae
Neophron_percnopterus;medium;Ground;walking;Accipitriformes;Accipitridae
Necrosyrtes_monachus;medium;Ground;walking;Accipitriformes;Accipitridae
Gyps_fulvus;large;Ground;walking;Accipitriformes;Accipitridae
Aegypius_monachus;large;Ground;walking;Accipitriformes;Accipitridae
Spilornis_cheela;medium;Tree;walking;Accipitriformes;Accipitridae
Circus_aeruginosus;medium;Ground;walking;Accipitriformes;Accipitridae
Polyboroides_typus;medium;Tree;walking;Accipitriformes;Accipitridae
Melierax_canorus;medium;Ground;walking;Accipitriformes;Accipitridae
Accipiter_gentilis;medium;Ground;walking;Accipitriformes;Accipitridae
Buteogallus_urubitinga;medium;Tree;walking;Accipitriformes;Accipitridae
Buteo_buteo;medium;Ground;walking;Accipitriformes;Accipitridae
Aquila_adalberti;medium;Ground;walking;Accipitriformes;Accipitridae
Sagittarius_serpentarius;large;Ground;walking;Accipitriformes;Accipitridae
Micrastur_ruficollis;medium;Tree;hopping;Falconiformes;Falconidae
Caracara_plancus;medium;Ground;walking;Falconiformes;Falconidae
Falco_sparverius;medium;Ground;hopping;Falconiformes;Falconidae
Rollandia_rolland;medium;Ground;walking;Podicipediformes;Podicipedidae
Phaethon_aethereus;medium;Ground;walking;Phaethontiformes;Phaethontidae
Papasula_abbotti;medium;Ground;walking;Suliformes;Sulidae
Morus_bassanus;large;Ground;walking;Suliformes;Sulidae
Sula_nebouxii;medium;Ground;walking;Suliformes;Sulidae
Anhinga_anhinga;medium;Ground;walking;Suliformes;Anhingidae
Phalacrocorax_varius;medium;Ground;walking;Suliformes;Phalacrocoracidae
Phalacrocorax_carbo;medium;Ground;walking;Suliformes;Phalacrocoracidae
Tigrisoma_fasciatum;medium;Ground;walking;Pelecaniformes;Ardeidae
Ixobrychus_exilis;medium;Ground;walking;Pelecaniformes;Ardeidae
Ixobrychus_sturmii;medium;Ground;walking;Pelecaniformes;Ardeidae
Botaurus_lentiginosus;medium;Ground;walking;Pelecaniformes;Ardeidae
Nyctanassa_violacea;medium;Ground;walking;Pelecaniformes;Ardeidae
Egretta_novaehollandiae;medium;Ground;walking;Pelecaniformes;Ardeidae
Egretta_garzetta;medium;Ground;walking;Pelecaniformes;Ardeidae
Egretta_thula;medium;Ground;walking;Pelecaniformes;Ardeidae
Ardea_cinerea;medium;Ground;walking;Pelecaniformes;Ardeidae
Ardea_purpurea;medium;Ground;walking;Pelecaniformes;Ardeidae
Ardeola_ralloides;medium;Ground;walking;Pelecaniformes;Ardeidae
Butorides_striata;medium;Ground;walking;Pelecaniformes;Ardeidae
Scopus_umbretta;medium;Ground;walking;Pelecaniformes;Scopidae
Phoenicopterus_ruber;large;Ground;walking;Phoenicopteriformes;Phoenicopteridae
Phoenicopterus_chilensis;medium;Ground;walking;Phoenicopteriformes;Phoenicopteridae
Eudocimus_albus;medium;Ground;walking;Pelecaniformes;Threskiornithidae
Phimosus_infuscatus;medium;Ground;walking;Pelecaniformes;Threskiornithidae
Plegadis_falcinellus;medium;Ground;walking;Pelecaniformes;Threskiornithidae
Theristicus_caudatus;medium;Ground;walking;Pelecaniformes;Threskiornithidae
Bostrychia_carunculata;medium;Ground;walking;Pelecaniformes;Threskiornithidae
Threskiornis_melanocephalus;medium;Ground;walking;Pelecaniformes;Threskiornithidae
Platalea_leucorodia;medium;Ground;walking;Pelecaniformes;Threskiornithidae
Platalea_flavipes;medium;Ground;walking;Pelecaniformes;Threskiornithidae
Balaeniceps_rex;large;Ground;walking;Pelecaniformes;Balaenicipitidae
Pelecanus_crispus;large;Ground;walking;Pelecaniformes;Pelecanidae
Pelecanus_occidentalis;large;Ground;walking;Pelecaniformes;Pelecanidae
Cathartes_aura;medium;Ground;walking;Accipitriformes;Cathartidae
Vultur_gryphus;large;Ground;walking;Accipitriformes;Cathartidae
Mycteria_americana;medium;Ground;walking;Ciconiiformes;Ciconiidae
Ciconia_nigra;medium;Ground;walking;Ciconiiformes;Ciconiidae
Ciconia_ciconia;large;Ground;walking;Ciconiiformes;Ciconiidae
Ephippiorhynchus_asiaticus;large;Ground;walking;Ciconiiformes;Ciconiidae
Jabiru_mycteria;large;Ground;walking;Ciconiiformes;Ciconiidae
Leptoptilos_javanicus;large;Ground;walking;Ciconiiformes;Ciconiidae
Fregata_magnificens;medium;Ground;walking;Suliformes;Fregatidae
Pygoscelis_adeliae;large;Ground;walking;Sphenisciformes;Spheniscidae
Spheniscus_magellanicus;large;Ground;walking;Sphenisciformes;Spheniscidae
Gavia_stellata;medium;Ground;walking;Gaviiformes;Gaviidae
Macronectes_giganteus;large;Ground;walking;Procellariiformes;Procellariidae
Fulmarus_glacialis;medium;Ground;walking;Procellariiformes;Procellariidae
Puffinus_puffinus;medium;Ground;walking;Procellariiformes;Procellariidae
Phoebastria_irrorata;large;Ground;walking;Procellariiformes;Diomedeidae
Oceanites_oceanicus;small;Ground;walking;Procellariiformes;Hydrobatidae
Pelagodroma_marina;small;Ground;walking;Procellariiformes;Hydrobatidae
Hydrobates_tethys;small;Ground;walking;Procellariiformes;Hydrobatidae
Acanthisitta_chloris;small;Tree;hopping;Passeriformes;Acanthisittidae
Pitta_sordida;medium;Ground;hopping;Passeriformes;Pittidae
Pitta_iris;medium;Ground;hopping;Passeriformes;Pittidae
Smithornis_capensis;small;Tree;hopping;Passeriformes;Eurylaimidae
Eurylaimus_javanicus;medium;Tree;hopping;Passeriformes;Eurylaimidae
Calyptomena_viridis;medium;Tree;hopping;Passeriformes;Eurylaimidae
Neodrepanis_coruscans;small;Tree;hopping;Passeriformes;Philepittidae
Hemitriccus_nidipendulus;small;Tree;hopping;Passeriformes;Tyrannidae
Corythopis_torquatus;small;Ground;walking;Passeriformes;Tyrannidae
Elaenia_martinica;small;Tree;hopping;Passeriformes;Tyrannidae
Serpophaga_cinerea;small;Ground;hopping;Passeriformes;Tyrannidae
Inezia_subflava;small;Tree;hopping;Passeriformes;Tyrannidae
Tachuris_rubrigastra;small;Tree;hopping;Passeriformes;Tyrannidae
Phylloscartes_kronei;small;Tree;hopping;Passeriformes;Tyrannidae
Rhynchocyclus_brevirostris;small;Tree;hopping;Passeriformes;Tyrannidae
Hirundinea_ferruginea;small;Tree;hopping;Passeriformes;Tyrannidae
Agriornis_montanus;medium;Ground;hopping;Passeriformes;Tyrannidae
Muscisaxicola_albilora;small;Ground;hopping;Passeriformes;Tyrannidae
Muscisaxicola_albifrons;small;Ground;hopping;Passeriformes;Tyrannidae
Muscigralla_brevicauda;small;Ground;hopping;Passeriformes;Tyrannidae
Lessonia_oreas;small;Ground;hopping;Passeriformes;Tyrannidae
Hymenops_perspicillatus;small;Ground;walking;Passeriformes;Tyrannidae
Fluvicola_nengeta;small;Ground;walking;Passeriformes;Tyrannidae
Machetornis_rixosa;small;Ground;walking;Passeriformes;Tyrannidae
Tyrannus_niveigularis;small;Tree;hopping;Passeriformes;Tyrannidae
Schiffornis_major;small;Tree;hopping;Passeriformes;Cotingidae
Tityra_cayana;medium;Tree;hopping;Passeriformes;Cotingidae
Pipreola_aureopectus;small;Tree;hopping;Passeriformes;Cotingidae
Lipaugus_fuscocinereus;medium;Tree;hopping;Passeriformes;Cotingidae
Cotinga_amabilis;medium;Tree;hopping;Passeriformes;Cotingidae
Cotinga_cayana;medium;Tree;hopping;Passeriformes;Cotingidae
Cephalopterus_ornatus;medium;Tree;hopping;Passeriformes;Cotingidae
Rupicola_rupicola;medium;Tree;hopping;Passeriformes;Cotingidae
Oxyruncus_cristatus;small;Tree;hopping;Passeriformes;Cotingidae
Ceratopipra_rubrocapilla;small;Tree;hopping;Passeriformes;Pipridae
Neopelma_chrysocephalum;small;Tree;hopping;Passeriformes;Pipridae
Piprites_pileata;small;Tree;hopping;Passeriformes;Pipridae
Batara_cinerea;medium;Tree;hopping;Passeriformes;Thamnophilidae
Thamnophilus_doliatus;small;Tree;hopping;Passeriformes;Thamnophilidae
Myrmotherula_surinamensis;small;Tree;hopping;Passeriformes;Thamnophilidae
Microrhopias_quixensis;small;Tree;hopping;Passeriformes;Thamnophilidae
Drymophila_ferruginea;small;Tree;hopping;Passeriformes;Thamnophilidae
Hypocnemis_hypoxantha;small;Tree;hopping;Passeriformes;Thamnophilidae
Hypocnemoides_maculicauda;small;Tree;hopping;Passeriformes;Thamnophilidae
Myrmelastes_leucostigma;small;Ground;hopping;Passeriformes;Thamnophilidae
Myrmeciza_longipes;small;Ground;hopping;Passeriformes;Thamnophilidae
Pithys_castaneus;small;Ground;hopping;Passeriformes;Thamnophilidae
Oneillornis_salvini;small;Ground;hopping;Passeriformes;Thamnophilidae
Geositta_cunicularia;small;Ground;walking;Passeriformes;Furnariidae
Upucerthia_validirostris;small;Ground;hopping;Passeriformes;Furnariidae
Cinclodes_palliatus;medium;Ground;hopping;Passeriformes;Furnariidae
Furnarius_leucopus;medium;Ground;walking;Passeriformes;Furnariidae
Furnarius_rufus;small;Ground;walking;Passeriformes;Furnariidae
Asthenes_griseomurina;small;Ground;hopping;Passeriformes;Furnariidae
Synallaxis_ruficapilla;small;Tree;hopping;Passeriformes;Furnariidae
Cranioleuca_erythrops;small;Tree;hopping;Passeriformes;Furnariidae
Cranioleuca_antisiensis;small;Tree;hopping;Passeriformes;Furnariidae
Asthenes_humilis;small;Ground;hopping;Passeriformes;Furnariidae
Phacellodomus_ruber;small;Ground;hopping;Passeriformes;Furnariidae
Margarornis_rubiginosus;small;Tree;walking;Passeriformes;Furnariidae
Margarornis_squamiger;small;Tree;walking;Passeriformes;Furnariidae
Automolus_leucophthalmus;small;Tree;hopping;Passeriformes;Furnariidae
Sclerurus_mexicanus;small;Ground;hopping;Passeriformes;Furnariidae
Xenops_rutilans;small;Tree;hopping;Passeriformes;Furnariidae
Dendrocincla_tyrannina;medium;Tree;walking;Passeriformes;Dendrocolaptidae
Xiphocolaptes_major;medium;Tree;hopping;Passeriformes;Dendrocolaptidae
Dendrocolaptes_platyrostris;medium;Ground;hopping;Passeriformes;Dendrocolaptidae
Lepidocolaptes_leucogaster;small;Tree;hopping;Passeriformes;Dendrocolaptidae
Formicarius_analis;medium;Ground;walking;Passeriformes;Formicariidae
Chamaeza_meruloides;medium;Ground;walking;Passeriformes;Formicariidae
Melanopareia_torquata;small;Ground;hopping;Passeriformes;Rhinocryptidae
Eleoscytalopus_indigoticus;small;Ground;walking;Passeriformes;Rhinocryptidae
Climacteris_affinis;small;Tree;hopping;Passeriformes;Climacteridae
Menura_alberti;medium;Ground;walking;Passeriformes;Menuridae
Ailuroedus_buccoides;medium;Tree;hopping;Passeriformes;Ptilonorhynchidae
Sericulus_aureus;medium;Tree;hopping;Passeriformes;Ptilonorhynchidae
Ptilonorhynchus_violaceus;medium;Tree;hopping;Passeriformes;Ptilonorhynchidae
Malurus_elegans;small;Ground;hopping;Passeriformes;Maluridae
Stipiturus_malachurus;small;Ground;hopping;Passeriformes;Maluridae
Myzomela_tristrami;small;Tree;hopping;Passeriformes;Meliphagidae
Stomiopera_unicolor;small;Tree;hopping;Passeriformes;Meliphagidae
Lichenostomus_melanops;small;Tree;hopping;Passeriformes;Meliphagidae
Melithreptus_lunatus;small;Tree;hopping;Passeriformes;Meliphagidae
Melipotes_fumigatus;medium;Tree;hopping;Passeriformes;Meliphagidae
Phylidonyris_niger;small;Tree;hopping;Passeriformes;Meliphagidae
Epthianura_tricolor;small;Ground;walking;Passeriformes;Meliphagidae
Pycnoptilus_floccosus;small;Ground;hopping;Passeriformes;Acanthizidae
Hylacola_pyrrhopygia;small;Ground;hopping;Passeriformes;Acanthizidae
Acanthiza_chrysorrhoa;small;Ground;hopping;Passeriformes;Acanthizidae
Acanthiza_robustirostris;small;Tree;hopping;Passeriformes;Acanthizidae
Gerygone_igata;small;Tree;hopping;Passeriformes;Acanthizidae
Aphelocephala_pectoralis;small;Ground;hopping;Passeriformes;Acanthizidae
Aphelocephala_nigricincta;small;Ground;hopping;Passeriformes;Acanthizidae
Petroica_phoenicea;small;Ground;hopping;Passeriformes;Petroicidae
Petroica_rodinogaster;small;Tree;hopping;Passeriformes;Petroicidae
Eopsaltria_australis;small;Ground;hopping;Passeriformes;Petroicidae
Orthonyx_spaldingii;medium;Ground;walking;Passeriformes;Orthonychidae
Eurocephalus_anguitimens;medium;Ground;hopping;Passeriformes;Laniidae
Vireo_osburni;small;Ground;hopping;Passeriformes;Vireonidae
Cinclosoma_castanotum;medium;Ground;walking;Passeriformes;Cinclosomatidae
Cinclosoma_cinnamomeum;medium;Ground;walking;Passeriformes;Cinclosomatidae
Eupetes_macrocerus;medium;Ground;walking;Passeriformes;Eupetidae
Pachycephala_rufiventris;small;Tree;hopping;Passeriformes;Pachycephalidae
Colluricincla_harmonica;medium;Tree;hopping;Passeriformes;Colluricinclidae
Colluricincla_tenebrosa;small;Ground;hopping;Passeriformes;Colluricinclidae
Cyanocorax_chrysops;medium;Tree;hopping;Passeriformes;Corvidae
Garrulus_glandarius;medium;Ground;hopping;Passeriformes;Corvidae
Perisoreus_canadensis;medium;Ground;hopping;Passeriformes;Corvidae
Urocissa_ornata;medium;Tree;hopping;Passeriformes;Corvidae
Pica_pica;medium;Ground;walking;Passeriformes;Corvidae
Pica_nuttalli;medium;Ground;walking;Passeriformes;Corvidae
Podoces_biddulphi;medium;Ground;walking;Passeriformes;Corvidae
Pseudopodoces_humilis;small;Ground;hopping;Passeriformes;Paridae
Pyrrhocorax_pyrrhocorax;medium;Ground;walking;Passeriformes;Corvidae
Corvus_monedula;medium;Ground;walking;Passeriformes;Corvidae
Corvus_dauuricus;medium;Ground;walking;Passeriformes;Corvidae
Corvus_brachyrhynchos;medium;Ground;walking;Passeriformes;Corvidae
Corvus_corone;medium;Ground;walking;Passeriformes;Corvidae
Lophorina_superba;medium;Tree;walking;Passeriformes;Paradisaeidae
Gymnorhina_tibicen;medium;Ground;walking;Passeriformes;Cracticidae
Oriolus_xanthonotus;small;Tree;hopping;Passeriformes;Oriolidae
Oriolus_chinensis;medium;Tree;hopping;Passeriformes;Oriolidae
Edolisoma_sula;medium;Tree;walking;Passeriformes;Campephagidae
Lalage_leucomela;small;Tree;hopping;Passeriformes;Campephagidae
Lalage_leucopyga;small;Ground;hopping;Passeriformes;Campephagidae
Pericrocotus_cinnamomeus;small;Tree;hopping;Passeriformes;Campephagidae
Rhipidura_leucophrys;small;Tree;walking;Passeriformes;Rhipiduridae
Rhipidura_fuliginosa;small;Tree;hopping;Passeriformes;Rhipiduridae
Rhipidura_rufifrons;small;Tree;hopping;Passeriformes;Rhipiduridae
Pomarea_nigra;small;Tree;hopping;Passeriformes;Monarchidae
Clytorhynchus_vitiensis;small;Tree;hopping;Passeriformes;Monarchidae
Myiagra_alecto;small;Tree;hopping;Passeriformes;Monarchidae
Grallina_cyanoleuca;medium;Ground;walking;Passeriformes;Monarchidae
Lanioturdus_torquatus;small;Ground;hopping;Passeriformes;Platysteiridae
Laniarius_atrococcineus;small;Ground;hopping;Passeriformes;Malaconotidae
Batis_capensis;small;Tree;hopping;Passeriformes;Platysteiridae
Cinclus_leucocephalus;small;Ground;walking;Passeriformes;Cinclidae
Myophonus_caeruleus;medium;Ground;hopping;Passeriformes;Turdidae
Zoothera_dixoni;medium;Ground;hopping;Passeriformes;Turdidae
Zoothera_lunulata;medium;Ground;walking;Passeriformes;Turdidae
Zoothera_marginata;medium;Ground;hopping;Passeriformes;Turdidae
Turdus_litsitsirupa;medium;Ground;walking;Passeriformes;Turdidae
Turdus_dissimilis;medium;Ground;hopping;Passeriformes;Turdidae
Turdus_merula;medium;Ground;hopping;Passeriformes;Turdidae
Turdus_philomelos;medium;Ground;hopping;Passeriformes;Turdidae
Turdus_viscivorus;medium;Ground;hopping;Passeriformes;Turdidae
Turdus_aurantius;medium;Ground;hopping;Passeriformes;Turdidae
Turdus_rufiventris;medium;Ground;walking;Passeriformes;Turdidae
Turdus_falcklandii;medium;Ground;hopping;Passeriformes;Turdidae
Turdus_grayi;medium;Tree;hopping;Passeriformes;Turdidae
Turdus_migratorius;medium;Tree;walking;Passeriformes;Turdidae
Melaenornis_pammelaina;small;Ground;hopping;Passeriformes;Muscicapidae
Stiphrornis_erythrothorax;small;Ground;hopping;Passeriformes;Muscicapidae
Luscinia_svecica;small;Ground;hopping;Passeriformes;Muscicapidae
Tarsiger_chrysaeus;small;Ground;hopping;Passeriformes;Muscicapidae
Cercotrichas_leucophrys;small;Ground;walking;Passeriformes;Muscicapidae
Cercotrichas_paena;small;Ground;walking;Passeriformes;Muscicapidae
Copsychus_malabaricus;small;Ground;hopping;Passeriformes;Muscicapidae
Phoenicurus_ochruros;small;Ground;hopping;Passeriformes;Muscicapidae
Phoenicurus_phoenicurus;small;Tree;hopping;Passeriformes;Muscicapidae
Enicurus_schistaceus;small;Ground;walking;Passeriformes;Muscicapidae
Enicurus_leschenaulti;small;Ground;walking;Passeriformes;Muscicapidae
Enicurus_maculatus;small;Ground;walking;Passeriformes;Muscicapidae
Myrmecocichla_monticola;small;Ground;hopping;Passeriformes;Muscicapidae
Oenanthe_oenanthe;small;Ground;hopping;Passeriformes;Muscicapidae
Oenanthe_pleschanka;small;Ground;hopping;Passeriformes;Muscicapidae
Aplonis_panayensis;medium;Tree;hopping;Passeriformes;Sturnidae
Onychognathus_morio;medium;Tree;hopping;Passeriformes;Sturnidae
Lamprotornis_purpureus;medium;Ground;walking;Passeriformes;Sturnidae
Lamprotornis_nitens;medium;Ground;walking;Passeriformes;Sturnidae
Lamprotornis_caudatus;medium;Ground;walking;Passeriformes;Sturnidae
Sturnia_pagodarum;small;Tree;walking;Passeriformes;Sturnidae
Gracupica_nigricollis;medium;Ground;walking;Passeriformes;Sturnidae
Acridotheres_tristis;medium;Ground;walking;Passeriformes;Sturnidae
Acridotheres_ginginianus;medium;Ground;hopping;Passeriformes;Sturnidae
Acridotheres_fuscus;medium;Ground;walking;Passeriformes;Sturnidae
Mimus_gilvus;small;Ground;walking;Passeriformes;Mimidae
Mimus_parvulus;small;Ground;walking;Passeriformes;Mimidae
Toxostoma_curvirostre;medium;Ground;walking;Passeriformes;Mimidae
Sitta_europaea;small;Tree;hopping;Passeriformes;Sittidae
Sitta_castanea;small;Tree;hopping;Passeriformes;Sittidae
Sitta_carolinensis;small;Tree;hopping;Passeriformes;Sittidae
Certhia_brachydactyla;small;Tree;hopping;Passeriformes;Certhiidae
Certhia_nipalensis;small;Ground;hopping;Passeriformes;Certhiidae
Campylorhynchus_rufinucha;small;Tree;hopping;Passeriformes;Troglodytidae
Campylorhynchus_turdinus;small;Tree;hopping;Passeriformes;Troglodytidae
Troglodytes_aedon;small;Tree;hopping;Passeriformes;Troglodytidae
Cyphorhinus_phaeocephalus;small;Ground;hopping;Passeriformes;Troglodytidae
Polioptila_lembeyei;small;Tree;hopping;Passeriformes;Polioptilidae
Polioptila_dumicola;small;Tree;hopping;Passeriformes;Polioptilidae
Remiz_consobrinus;small;Tree;hopping;Passeriformes;Remizidae
Anthoscopus_parvulus;small;Tree;walking;Passeriformes;Remizidae
Lophophanes_dichrous;small;Tree;hopping;Passeriformes;Paridae
Parus_major;small;Tree;hopping;Passeriformes;Paridae
Parus_monticolus;small;Tree;hopping;Passeriformes;Paridae
Cyanistes_caeruleus;small;Tree;hopping;Passeriformes;Paridae
Hirundo_rustica;small;Tree;walking;Passeriformes;Hirundinidae
Corthylio_calendula;small;Tree;hopping;Passeriformes;Reguliidae
Pycnonotus_zeylanicus;medium;Ground;hopping;Passeriformes;Pycnonotidae
Pycnonotus_jocosus;small;Tree;hopping;Passeriformes;Pycnonotidae
Pycnonotus_barbatus;small;Tree;hopping;Passeriformes;Pycnonotidae
Pycnonotus_leucogenys;small;Tree;hopping;Passeriformes;Pycnonotidae
Pycnonotus_penicillatus;small;Tree;hopping;Passeriformes;Pycnonotidae
Chlorocichla_flaviventris;small;Tree;hopping;Passeriformes;Pycnonotidae
Phyllastrephus_terrestris;small;Ground;hopping;Passeriformes;Pycnonotidae
Alophoixus_flaveolus;small;Tree;hopping;Passeriformes;Pycnonotidae
Hypsipetes_leucocephalus;small;Tree;hopping;Passeriformes;Pycnonotidae
Cisticola_rufilatus;small;Ground;hopping;Passeriformes;Cisticolidae
Cisticola_juncidis;small;Ground;walking;Passeriformes;Cisticolidae
Rhopophilus_pekinensis;small;Tree;hopping;Passeriformes;Cisticolidae
Prinia_familiaris;small;Tree;hopping;Passeriformes;Cisticolidae
Prinia_socialis;small;Tree;hopping;Passeriformes;Cisticolidae
Prinia_erythroptera;small;Tree;hopping;Passeriformes;Cisticolidae
Apalis_thoracica;small;Tree;hopping;Passeriformes;Cisticolidae
Apalis_ruddi;small;Tree;hopping;Passeriformes;Cisticolidae
Apalis_melanocephala;small;Tree;hopping;Passeriformes;Cisticolidae
Camaroptera_brachyura;small;Tree;hopping;Passeriformes;Cisticolidae
Zosterops_palpebrosus;small;Tree;hopping;Passeriformes;Zosteropidae
Zosterops_grayi;small;Tree;hopping;Passeriformes;Zosteropidae
Orthotomus_sutorius;small;Tree;hopping;Passeriformes;Sylviidae
Eremomela_pusilla;small;Tree;hopping;Passeriformes;Sylviidae
Phylloscopus_trochilus;small;Tree;hopping;Passeriformes;Sylviidae
Staphida_everetti;small;Tree;hopping;Passeriformes;Timaliidae
Suthora_webbiana;small;Tree;hopping;Passeriformes;Timaliidae
Curruca_communis;small;Tree;hopping;Passeriformes;Sylviidae
Curruca_nana;small;Ground;hopping;Passeriformes;Sylviidae
Curruca_conspicillata;small;Ground;hopping;Passeriformes;Sylviidae
Mirafra_cheniana;small;Ground;walking;Passeriformes;Alaudidae
Calendulauda_sabota;small;Ground;walking;Passeriformes;Alaudidae
Chersomanes_albofasciata;small;Ground;walking;Passeriformes;Alaudidae
Melanocorypha_calandra;medium;Ground;walking;Passeriformes;Alaudidae
Melanocorypha_maxima;medium;Ground;walking;Passeriformes;Alaudidae
Calandrella_brachydactyla;small;Ground;walking;Passeriformes;Alaudidae
Galerida_cristata;small;Ground;walking;Passeriformes;Alaudidae
Spizocorys_fremantlii;small;Ground;walking;Passeriformes;Alaudidae
Alauda_arvensis;small;Ground;walking;Passeriformes;Alaudidae
Alauda_gulgula;small;Ground;walking;Passeriformes;Alaudidae
Dicaeum_chrysorrheum;small;Tree;hopping;Passeriformes;Dicaeidae
Cinnyris_coccinigastrus;small;Tree;hopping;Passeriformes;Nectariniidae
Aethopyga_gouldiae;small;Tree;hopping;Passeriformes;Nectariniidae
Aethopyga_siparaja;small;Tree;hopping;Passeriformes;Nectariniidae
Arachnothera_chrysogenys;small;Tree;hopping;Passeriformes;Nectariniidae
Passer_domesticus;small;Ground;hopping;Passeriformes;Passeridae
Passer_montanus;small;Tree;hopping;Passeriformes;Passeridae
Montifringilla_nivalis;small;Ground;walking;Passeriformes;Passeridae
Pyrgilauda_ruficollis;small;Ground;walking;Passeriformes;Passeridae
Motacilla_alba;small;Ground;walking;Passeriformes;Motacillidae
Motacilla_aguimp;small;Ground;walking;Passeriformes;Motacillidae
Motacilla_flava;small;Ground;walking;Passeriformes;Motacillidae
Motacilla_cinerea;small;Ground;walking;Passeriformes;Motacillidae
Anthus_hodgsoni;small;Ground;walking;Passeriformes;Motacillidae
Anthus_pratensis;small;Ground;walking;Passeriformes;Motacillidae
Anthus_roseatus;small;Ground;walking;Passeriformes;Motacillidae
Anthus_petrosus;small;Ground;walking;Passeriformes;Motacillidae
Prunella_montanella;small;Ground;hopping;Passeriformes;Prunellidae
Prunella_modularis;small;Ground;hopping;Passeriformes;Prunellidae
Sporopipes_squamifrons;small;Ground;hopping;Passeriformes;Passeridae
Philetairus_socius;small;Tree;hopping;Passeriformes;Passeridae
Ploceus_sakalava;small;Tree;hopping;Passeriformes;Ploceidae
Foudia_madagascariensis;small;Tree;hopping;Passeriformes;Ploceidae
Euplectes_orix;small;Tree;hopping;Passeriformes;Ploceidae
Nigrita_bicolor;small;Tree;hopping;Passeriformes;Estrildidae
Pytilia_melba;small;Ground;hopping;Passeriformes;Estrildidae
Cryptospiza_jacksoni;small;Ground;hopping;Passeriformes;Estrildidae
Hypargos_margaritatus;small;Ground;hopping;Passeriformes;Estrildidae
Lagonosticta_senegala;small;Ground;hopping;Passeriformes;Estrildidae
Uraeginthus_bengalus;small;Ground;hopping;Passeriformes;Estrildidae
Estrilda_astrild;small;Ground;hopping;Passeriformes;Estrildidae
Stagonopleura_oculata;small;Tree;hopping;Passeriformes;Estrildidae
Taeniopygia_guttata;small;Tree;hopping;Passeriformes;Estrildidae
Poephila_acuticauda;small;Ground;hopping;Passeriformes;Estrildidae
Poephila_cincta;small;Ground;hopping;Passeriformes;Estrildidae
Erythrura_tricolor;small;Ground;hopping;Passeriformes;Estrildidae
Lonchura_striata;small;Ground;hopping;Passeriformes;Estrildidae
Lonchura_punctulata;small;Ground;hopping;Passeriformes;Estrildidae
Lonchura_quinticolor;small;Ground;hopping;Passeriformes;Estrildidae
Padda_oryzivora;small;Ground;hopping;Passeriformes;Estrildidae
Vidua_macroura;small;Ground;hopping;Passeriformes;Viduidae
Vidua_interjecta;small;Ground;hopping;Passeriformes;Viduidae
Fringilla_coelebs;small;Tree;hopping;Passeriformes;Fringillidae
Serinus_serinus;small;Ground;hopping;Passeriformes;Fringillidae
Carduelis_carduelis;small;Tree;hopping;Passeriformes;Fringillidae
Leucosticte_nemoricola;small;Ground;hopping;Passeriformes;Fringillidae
Carpodacus_thura;small;Ground;hopping;Passeriformes;Fringillidae
Carpodacus_sipahi;small;Ground;hopping;Passeriformes;Fringillidae
Pyrrhula_pyrrhula;small;Tree;hopping;Passeriformes;Fringillidae
Mycerobas_carnipes;medium;Tree;hopping;Passeriformes;Fringillidae
Pyrrhoplectes_epauletta;small;Ground;hopping;Passeriformes;Fringillidae
Hemignathus_wilsoni;small;Tree;hopping;Passeriformes;Fringillidae
Paroreomyza_montana;small;Tree;hopping;Passeriformes;Fringillidae
Emberiza_cia;small;Ground;hopping;Passeriformes;Emberizidae
Emberiza_striolata;small;Ground;hopping;Passeriformes;Emberizidae
Emberiza_melanocephala;small;Tree;hopping;Passeriformes;Emberizidae
Calcarius_lapponicus;small;Ground;walking;Passeriformes;Emberizidae
Calcarius_ornatus;small;Ground;walking;Passeriformes;Emberizidae
Melospiza_melodia;small;Ground;hopping;Passeriformes;Emberizidae
Zonotrichia_capensis;small;Ground;hopping;Passeriformes;Emberizidae
Junco_hyemalis;small;Ground;hopping;Passeriformes;Emberizidae
Ammodramus_aurifrons;small;Ground;hopping;Passeriformes;Emberizidae
Spizella_passerina;small;Ground;hopping;Passeriformes;Emberizidae
Spizella_pallida;small;Ground;hopping;Passeriformes;Emberizidae
Amphispiza_bilineata;small;Ground;hopping;Passeriformes;Emberizidae
Aimophila_ruficeps;small;Ground;hopping;Passeriformes;Emberizidae
Pipilo_chlorurus;small;Ground;hopping;Passeriformes;Emberizidae
Pipilo_maculatus;small;Ground;hopping;Passeriformes;Emberizidae
Melozone_fusca;small;Ground;hopping;Passeriformes;Emberizidae
Melozone_leucotis;small;Ground;hopping;Passeriformes;Emberizidae
Arremonops_conirostris;small;Ground;hopping;Passeriformes;Emberizidae
Atlapetes_melanocephalus;small;Ground;hopping;Passeriformes;Emberizidae
Atlapetes_pallidiceps;small;Tree;hopping;Passeriformes;Emberizidae
Paroaria_coronata;small;Tree;walking;Passeriformes;Emberizidae
Seiurus_aurocapilla;small;Ground;hopping;Passeriformes;Parulidae
Geothlypis_nelsoni;small;Tree;hopping;Passeriformes;Parulidae
Geothlypis_poliocephala;small;Tree;hopping;Passeriformes;Parulidae
Myioborus_miniatus;small;Tree;hopping;Passeriformes;Parulidae
Myioborus_ornatus;small;Tree;hopping;Passeriformes;Parulidae
Basileuterus_rufifrons;small;Tree;hopping;Passeriformes;Parulidae
Basileuterus_tristriatus;small;Tree;hopping;Passeriformes;Parulidae
Conirostrum_speciosum;small;Ground;hopping;Passeriformes;Thraupidae
Conirostrum_cinereum;small;Ground;hopping;Passeriformes;Thraupidae
Orchesticus_abeillei;small;Tree;hopping;Passeriformes;Thraupidae
Schistochlamys_ruficapillus;small;Tree;hopping;Passeriformes;Thraupidae
Chlorospingus_flavopectus;small;Tree;hopping;Passeriformes;Thraupidae
Chlorospingus_pileatus;small;Tree;hopping;Passeriformes;Thraupidae
Kleinothraupis_atropileus;small;Tree;hopping;Passeriformes;Thraupidae
Thlypopsis_pectoralis;small;Tree;hopping;Passeriformes;Thraupidae
Hemithraupis_guira;small;Tree;hopping;Passeriformes;Thraupidae
Nemosia_pileata;small;Tree;hopping;Passeriformes;Thraupidae
Mitrospingus_cassinii;small;Tree;hopping;Passeriformes;Thraupidae
Chlorothraupis_frenata;small;Tree;hopping;Passeriformes;Thraupidae
Lanio_fulvus;small;Tree;hopping;Passeriformes;Thraupidae
Lanio_versicolor;small;Tree;hopping;Passeriformes;Thraupidae
Tachyphonus_coronatus;small;Tree;hopping;Passeriformes;Thraupidae
Habia_fuscicauda;small;Tree;hopping;Passeriformes;Cardinalidae
Piranga_bidentata;small;Tree;hopping;Passeriformes;Cardinalidae
Ramphocelus_nigrogularis;small;Tree;hopping;Passeriformes;Thraupidae
Ramphocelus_dimidiatus;small;Tree;hopping;Passeriformes;Thraupidae
Bangsia_aureocincta;small;Tree;hopping;Passeriformes;Thraupidae
Buthraupis_montana;medium;Tree;hopping;Passeriformes;Thraupidae
Anisognathus_somptuosus;small;Tree;hopping;Passeriformes;Thraupidae
Iridosornis_reinhardti;small;Tree;hopping;Passeriformes;Thraupidae
Euphonia_chlorotica;small;Tree;hopping;Passeriformes;Thraupidae
Euphonia_violacea;small;Tree;hopping;Passeriformes;Thraupidae
Euphonia_xanthogaster;small;Tree;hopping;Passeriformes;Thraupidae
Chlorophonia_callophrys;small;Tree;hopping;Passeriformes;Thraupidae
Tangara_mexicana;small;Tree;hopping;Passeriformes;Thraupidae
Tangara_seledon;small;Tree;hopping;Passeriformes;Thraupidae
Tangara_cyanocephala;small;Tree;hopping;Passeriformes;Thraupidae
Tangara_schrankii;small;Tree;hopping;Passeriformes;Thraupidae
Tangara_xanthocephala;small;Tree;hopping;Passeriformes;Thraupidae
Dacnis_cayana;small;Tree;hopping;Passeriformes;Thraupidae
Cyanerpes_cyaneus;small;Tree;hopping;Passeriformes;Thraupidae
Oreothraupis_arremonops;medium;Ground;hopping;Passeriformes;Emberizidae
Coryphospingus_cucullatus;small;Tree;hopping;Passeriformes;Emberizidae
Geospizopsis_plebejus;small;Ground;hopping;Passeriformes;Emberizidae
Lophospingus_griseocristatus;small;Ground;hopping;Passeriformes;Emberizidae
Idiopsar_speculifer;small;Ground;hopping;Passeriformes;Emberizidae
Incaspiza_pulchra;small;Ground;hopping;Passeriformes;Emberizidae
Poospiza_rubecula;small;Ground;hopping;Passeriformes;Emberizidae
Poospiza_hispaniolensis;small;Ground;hopping;Passeriformes;Emberizidae
Sicalis_lutea;small;Tree;hopping;Passeriformes;Emberizidae
Sicalis_auriventris;medium;Tree;hopping;Passeriformes;Emberizidae
Sporophila_frontalis;small;Ground;hopping;Passeriformes;Emberizidae
Sporophila_telasco;small;Ground;hopping;Passeriformes;Emberizidae
Catamenia_analis;small;Ground;hopping;Passeriformes;Emberizidae
Tiaris_olivaceus;small;Ground;hopping;Passeriformes;Emberizidae
Diglossa_lafresnayii;small;Tree;hopping;Passeriformes;Thraupidae
Diglossa_glauca;small;Tree;hopping;Passeriformes;Thraupidae
Geospiza_fortis;small;Ground;hopping;Passeriformes;Emberizidae
Geospiza_fuliginosa;small;Ground;hopping;Passeriformes;Emberizidae
Platyspiza_crassirostris;small;Tree;hopping;Passeriformes;Emberizidae
Pheucticus_chrysogaster;medium;Tree;hopping;Passeriformes;Cardinalidae
Pheucticus_ludovicianus;small;Tree;hopping;Passeriformes;Cardinalidae
Caryothraustes_canadensis;small;Tree;hopping;Passeriformes;Cardinalidae
Saltator_atriceps;medium;Tree;hopping;Passeriformes;Cardinalidae
Saltator_similis;small;Tree;hopping;Passeriformes;Cardinalidae
Psarocolius_bifasciatus;medium;Tree;walking;Passeriformes;Icteridae
Psarocolius_guatimozinus;medium;Tree;walking;Passeriformes;Icteridae
Cacicus_solitarius;medium;Tree;hopping;Passeriformes;Icteridae
Icterus_cayanensis;small;Tree;hopping;Passeriformes;Icteridae
Icterus_cucullatus;small;Tree;hopping;Passeriformes;Icteridae
Agelasticus_thilius;small;Ground;hopping;Passeriformes;Icteridae
Sturnella_magna;medium;Ground;walking;Passeriformes;Icteridae
Curaeus_curaeus;medium;Ground;walking;Passeriformes;Icteridae
Macroagelaius_imthurni;medium;Tree;walking;Passeriformes;Icteridae
Quiscalus_major;small;Ground;walking;Passeriformes;Icteridae
Molothrus_bonariensis;small;Ground;walking;Passeriformes;Icteridae
Larus_glaucoides;medium;Ground;walking;Charadriiformes;Laridae
Bubo_cinerascens;medium;Ground;walking;Strigiformes;Strigidae
Glaucidium_nubicola;medium;Ground;hopping;Strigiformes;Strigidae
Ptilopsis_granti;medium;Ground;hopping;Strigiformes;Strigidae
Strix_chacoensis;medium;Ground;hopping;Strigiformes;Strigidae
Bubo_magellanicus;medium;Ground;hopping;Strigiformes;Strigidae
Glaucidium_costaricanum;medium;Ground;hopping;Strigiformes;Strigidae
Megascops_petersoni;medium;Tree;hopping;Strigiformes;Strigidae
Capito_wallacei;medium;Tree;hopping;Piciformes;Ramphastidae
Picumnus_exilis;small;Tree;hopping;Piciformes;Picidae
Dendropicos_lugubris;small;Tree;hopping;Piciformes;Picidae
Phasianus_versicolor;medium;Ground;walking;Galliformes;Phasianidae
Nesotriccus_tumbezanus;small;Tree;hopping;Passeriformes;Tyrannidae
Inezia_caudata;small;Tree;hopping;Passeriformes;Tyrannidae
Tolmomyias_flavotectus;small;Tree;hopping;Passeriformes;Tyrannidae
Muscisaxicola_griseus;small;Ground;hopping;Passeriformes;Tyrannidae
Thamnophilus_pelzelni;small;Tree;hopping;Passeriformes;Thamnophilidae
Myrmotherula_ignota;small;Tree;hopping;Passeriformes;Thamnophilidae
Myrmotherula_multostriata;small;Tree;hopping;Passeriformes;Thamnophilidae
Radinopsyche_sellowi;small;Tree;hopping;Passeriformes;Thamnophilidae
Formicivora_intermedia;small;Tree;hopping;Passeriformes;Thamnophilidae
Furnarius_cinnamomeus;small;Ground;walking;Passeriformes;Furnariidae
Acrobatornis_fonsecai;small;Tree;hopping;Passeriformes;Furnariidae
Phacellodomus_inornatus;small;Ground;hopping;Passeriformes;Furnariidae
Pseudoseisura_unirufa;small;Ground;hopping;Passeriformes;Furnariidae
Dendrocolaptes_sanctithomae;medium;Tree;hopping;Passeriformes;Dendrocolaptidae
Lepidocolaptes_falcinellus;small;Tree;hopping;Passeriformes;Dendrocolaptidae
Conopophaga_cearae;small;Ground;hopping;Passeriformes;Conopophagidae
Pica_hudsonia;medium;Ground;hopping;Passeriformes;Corvidae
Arremon_franciscanus;small;Ground;hopping;Passeriformes;Emberizidae
Atlapetes_latinuchus;small;Ground;hopping;Passeriformes;Emberizidae
Piranga_flava;small;Tree;hopping;Passeriformes;Thraupidae
Ramphocelus_flammigerus;small;Tree;hopping;Passeriformes;Thraupidae
Spindalis_nigricephala;small;Tree;hopping;Passeriformes;Thraupidae
Cacicus_uropygialis;medium;Tree;hopping;Passeriformes;Icteridae
Icterus_croconotus;small;Tree;hopping;Passeriformes;Icteridae
Passer_shelleyi;small;Ground;hopping;Passeriformes;Passeridae
Lagonosticta_nitidula;small;Ground;hopping;Passeriformes;Estrildidae
Liocichla_bugunorum;small;Tree;hopping;Passeriformes;Timaliidae
Motacilla_samveasnae;small;Ground;walking;Passeriformes;Motacillidae
Scytalopus_rodriguezi;small;Ground;hopping;Passeriformes;Rhinocryptidae
Henicorhina_negreti;small;Tree;hopping;Passeriformes;Troglodytidae
Actinodura_sodangorum;small;Tree;hopping;Passeriformes;Timaliidae
Grallaria_ridgelyi;medium;Ground;walking;Passeriformes;Formicariidae
Heinrichia_calligyna;small;Ground;hopping;Passeriformes;Turdidae
Sporophila_ardesiaca;small;Ground;hopping;Passeriformes;Emberizidae
Nok_hualon;small;Tree;hopping;Passeriformes;Pycnonotidae
Stachyris_nonggangensis;small;Ground;hopping;Passeriformes;Timaliidae
Apteryx_mantelli;medium;Ground;walking;Apterygiformes;Apterygidae
Arborophila_campbelli;medium;Ground;walking;Galliformes;Phasianidae
Crossoptilon_harmani;medium;Ground;walking;Galliformes;Phasianidae
Dendragapus_fuliginosus;medium;Ground;walking;Galliformes;Phasianidae
Centrocercus_minimus;medium;Ground;walking;Galliformes;Phasianidae
Branta_hutchinsii;medium;Ground;walking;Anseriformes;Anatidae
Anas_wyvilliana;medium;Ground;walking;Anseriformes;Anatidae
Anas_laysanensis;medium;Ground;walking;Anseriformes;Anatidae
Melanerpes_pulcher;small;Tree;hopping;Piciformes;Picidae
Celeus_obrieni;medium;Tree;hopping;Piciformes;Picidae
Capito_auratus;medium;Tree;hopping;Piciformes;Ramphastidae
Eudynamys_orientalis;medium;Tree;hopping;Cuculiformes;Cuculidae
Eunymphicus_uvaeensis;medium;Tree;walking;Psittaciformes;Psittacidae
Pyrrhura_griseipectus;medium;Tree;walking;Psittaciformes;Psittacidae
Amazona_oratrix;medium;Tree;walking;Psittaciformes;Psittacidae
Amazona_auropalliata;medium;Tree;walking;Psittaciformes;Psittacidae
Cynanthus_canivetii;small;Tree;hopping;Apodiformes;Trochilidae
Laterallus_jamaicensis;small;Ground;walking;Gruiformes;Rallidae
Gallinago_andina;medium;Ground;walking;Charadriiformes;Scolopacidae
Rostratula_australis;medium;Ground;walking;Charadriiformes;Rostratulidae
Cursorius_somalensis;medium;Ground;walking;Charadriiformes;Glareolidae
Larus_michahellis;medium;Ground;walking;Charadriiformes;Laridae
Gyps_tenuirostris;large;Ground;walking;Accipitriformes;Accipitridae
Caracara_plancus;medium;Ground;walking;Falconiformes;Falconidae
Sula_granti;medium;Ground;walking;Suliformes;Sulidae
Egretta_gularis;medium;Ground;walking;Pelecaniformes;Ardeidae
Phoenicopterus_roseus;large;Ground;walking;Phoenicopteriformes;Phoenicopteridae
Threskiornis_bernieri;medium;Ground;walking;Pelecaniformes;Threskiornithidae
Pelecanus_thagus;large;Ground;walking;Pelecaniformes;Pelecanidae
Eudyptes_moseleyi;medium;Ground;walking;Sphenisciformes;Spheniscidae
Diomedea_antipodensis;large;Ground;walking;Procellariiformes;Diomedeidae
Zimmerius_acer;small;Tree;hopping;Passeriformes;Tyrannidae
Zimmerius_albigularis;small;Tree;hopping;Passeriformes;Tyrannidae
Upucerthia_saturatior;small;Ground;hopping;Passeriformes;Furnariidae
Cinclodes_albiventris;small;Ground;walking;Passeriformes;Furnariidae
Cinclodes_albidiventris;small;Ground;hopping;Passeriformes;Furnariidae
Amytornis_merrotsyi;small;Ground;hopping;Passeriformes;Maluridae
Acanthiza_apicalis;small;Tree;hopping;Passeriformes;Acanthizidae
Chloropsis_kinabaluensis;small;Tree;hopping;Passeriformes;Chloropseidae
Corvus_edithae;medium;Ground;walking;Passeriformes;Corvidae
Chaetops_aurantius;small;Ground;hopping;Passeriformes;Turdidae
Myophonus_castaneus;medium;Ground;hopping;Passeriformes;Turdidae
Myophonus_borneensis;medium;Ground;hopping;Passeriformes;Turdidae
Oenanthe_chrysopygia;small;Ground;hopping;Passeriformes;Muscicapidae
Certhia_hodgsoni;small;Tree;walking;Passeriformes;Certhiidae
Certhia_manipurensis;small;Tree;hopping;Passeriformes;Certhiidae
Pterorhinus_ruficeps;medium;Ground;hopping;Passeriformes;Timaliidae
Garrulax_bicolor;medium;Ground;hopping;Passeriformes;Timaliidae
Cutia_legalleni;small;Tree;hopping;Passeriformes;Timaliidae
Heterophasia_desgodinsi;small;Tree;hopping;Passeriformes;Timaliidae
Mirafra_affinis;small;Ground;walking;Passeriformes;Alaudidae
Mirafra_microptera;small;Ground;walking;Passeriformes;Alaudidae
Certhilauda_subcoronata;small;Ground;walking;Passeriformes;Alaudidae
Carduelis_corsicana;small;Ground;hopping;Passeriformes;Fringillidae
Nesospiza_questi;small;Ground;hopping;Passeriformes;Emberizidae
Xiphorhynchus_elegans;small;Tree;hopping;Passeriformes;Dendrocolaptidae
