Species;Size
Accipiter_francesiae;ok
Nettapus_auritus;ok
Spatula_hottentota;ok
Apus_affinis;ok
Apus_apus;ok
Apus_batesi;ok
Apus_pallidus;ok
Cypsiurus_parvus;ok
Tachymarptis_melba;ok
Campylopterus_hemileucurus;ok
Chrysolampis_mosquitus;ok
Eugenes_fulgens;ok
Lampornis_amethystinus;ok
Orthorhyncus_cristatus;ok
Phaethornis_ruber;ok
Phaethornis_superciliosus;ok
Rhodopis_vesper;ok
Thaumastura_cora;ok
Upupa_epops;ok
Antrostomus_rufus;ok
Caprimulgus_aegyptius;ok
Caprimulgus_europaeus;ok
Caprimulgus_longipennis;ok
Caprimulgus_pectoralis;ok
Caprimulgus_rufigena;ok
Gactornis_enarratus;ok
Hydropsalis_cayennensis;ok
Charadrius_hiaticula;ok
Anarhynchus_pecuarius;ok
Charadrius_semipalmatus;ok
Charadrius_tricollaris;ok
Pluvialis_apricaria;ok
Vanellus_indicus;ok
Vanellus_senegallus;ok
Vanellus_vanellus;ok
Glareola_pratincola;ok
Actophilornis_africanus;ok
Metopidius_indicus;ok
Chlidonias_hybrida;ok
Chroicocephalus_ridibundus;ok
Onychoprion_anaethetus;ok
Pluvianus_aegyptius;ok
Himantopus_himantopus;ok
Actitis_hypoleucos;ok
Arenaria_interpres;ok
Calidris_alba;ok
Calidris_alpina;ok
Calidris_ferruginea;ok
Calidris_maritima;ok
Calidris_pusilla;ok
Calidris_subruficollis;ok
Gallinago_gallinago;ok
Gallinago_macrodactyla;ok
Gallinago_paraguaiae;ok
Scolopax_rusticola;ok
Tringa_flavipes;ok
Tringa_glareola;ok
Tringa_incana;ok
Tringa_solitaria;ok
Thinocorus_rumicivorus;ok
Turnix_nigricollis;ok
Turnix_suscitator;ok
Alectroenas_madagascariensis;ok
Columba_oenas;ok
Geopelia_cuneata;ok
Oena_capensis;ok
Spilopelia_chinensis;ok
Streptopelia_decaocto;ok
Nesoenas_picturatus;ok
Streptopelia_turtur;ok
Treron_bicinctus;ok
Turtur_afer;ok
Turtur_tympanistria;ok
Zenaida_aurita;ok
Actenoides_concretus;ok
Alcedo_atthis;ok
Ceryle_rudis;ok
Chloroceryle_americana;ok
Corythornis_cristatus;ok
Corythornis_madagascariensis;ok
Corythornis_vintsioides;ok
Halcyon_albiventris;ok
Halcyon_chelicuti;ok
Halcyon_malimbica;ok
Ispidina_picta;ok
Pelargopsis_capensis;ok
Todiramphus_sanctus;ok
Atelornis_pittoides;ok
Coracias_abyssinicus;ok
Coracias_cyanogaster;ok
Eurystomus_glaucurus;ok
Eurystomus_orientalis;ok
Merops_albicollis;ok
Merops_apiaster;ok
Merops_orientalis;ok
Merops_persicus;ok
Merops_philippinus;ok
Merops_pusillus;ok
Merops_superciliosus;ok
Chrysococcyx_lucidus;ok
Chrysococcyx_caprius;ok
Chrysococcyx_klaas;ok
Clamator_glandarius;ok
Clamator_levaillantii;ok
Coccycua_minuta;ok
Crotophaga_ani;ok
Cuculus_canorus;ok
Cuculus_rochii;ok
Surniculus_lugubris;ok
Tapera_naevia;ok
Falco_araeus;ok
Falco_concolor;ok
Falco_newtoni;ok
Falco_punctatus;ok
Falco_tinnunculus;ok
Coturnix_coturnix;ok
Coturnix_japonica;ok
Francolinus_pintadeanus;ok
Gallus_gallus;ok
Margaroperdix_madagarensis;ok
Perdix_perdix;ok
Synoicus_ypsilophorus;ok
Dryolimnas_cuvieri;ok
Gallinula_chloropus;ok
Laterallus_melanophaius;ok
Porzana_carolina;ok
Rallus_aquaticus;ok
Rufirallus_viridis;ok
Zapornia_pusilla;ok
Sarothrura_insularis;ok
Mesitornis_variegatus;ok
Monias_benschi;ok
Acrocephalus_newtoni;ok
Acrocephalus_schoenobaenus;ok
Acrocephalus_scirpaceus;ok
Hippolais_polyglotta;ok
Iduna_pallida;ok
Nesillas_typica;ok
Aegithalos_caudatus;ok
Aegithina_tiphia;ok
Alauda_arvensis;ok
Ammomanes_deserti;ok
Eremopterix_leucotis;ok
Galerida_cristata;ok
Galerida_theklae;ok
Lullula_arborea;ok
Mirafra_erythrocephala;ok
Artamus_leucorynchus;ok
Bernieria_madagascariensis;ok
Oxylabes_madagascariensis;ok
Thamnornis_chloropetoides;ok
Xanthomixis_zosterops;ok
Plectrophenax_nivalis;ok
Coracina_cinerea;ok
Coracina_caledonica;ok
Coracina_novaehollandiae;ok
Analisoma_analis;ok
Lalage_leucopyga;ok
Lalage_newtoni;ok
Cyanoloxia_cyanoides;ok
Certhia_brachydactyla;ok
Certhia_familiaris;ok
Cinclus_cinclus;ok
Cinclus_leucocephalus;ok
Camaroptera_brachyura;ok
Cisticola_cherina;ok
Cisticola_erythrops;ok
Cisticola_juncidis;ok
Neomixis_viridis;ok
Orthotomus_atrogularis;ok
Orthotomus_ruficeps;ok
Orthotomus_sutorius;ok
Prinia_flaviventris;ok
Prinia_inornata;ok
Corvus_monedula;ok
Crypsirina_temia;ok
Garrulus_glandarius;ok
Nucifraga_caryocatactes;ok
Lipaugus_vociferans;ok
Glyphorynchus_spirurus;ok
Xiphorhynchus_pardalotus;ok
Dicaeum_chrysorrheum;ok
Dicrurus_adsimilis;ok
Dicrurus_forficatus;ok
Dicrurus_hottentottus;ok
Dicrurus_leucophaeus;ok
Emberiza_cia;ok
Emberiza_cirlus;ok
Emberiza_citrinella;ok
Emberiza_striolata;ok
Emberiza_schoeniclus;ok
Clytospiza_monteiri;ok
Estrilda_astrild;ok
Estrilda_atricapilla;ok
Estrilda_melpoda;ok
Estrilda_nonnula;ok
Euodice_cantans;ok
Hypargos_niveoguttatus;ok
Lagonosticta_rubricata;ok
Lagonosticta_senegala;ok
Lepidopygia_nana;ok
Lonchura_malacca;ok
Lonchura_punctulata;ok
Lonchura_striata;ok
Neochmia_temporalis;ok
Pyrenestes_ostrinus;ok
Spermestes_bicolor;ok
Spermestes_cucullata;ok
Spermestes_fringilloides;ok
Spermophaga_haematina;ok
Taeniopygia_guttata;ok
Psarisomus_dalhousiae;ok
Formicarius_colma;ok
Carduelis_carduelis;ok
Chloris_chloris;ok
Coccothraustes_coccothraustes;ok
Crithagra_mozambica;ok
Euphonia_hirundinacea;ok
Euphonia_violacea;ok
Fringilla_coelebs;ok
Fringilla_montifringilla;ok
Himatione_sanguinea;ok
Linaria_cannabina;ok
Loxia_leucoptera;ok
Loxioides_bailleui;ok
Loxops_coccineus;ok
Psittirostra_psittacea;ok
Pyrrhula_pyrrhula;ok
Serinus_serinus;ok
Spinus_magellanicus;ok
Spinus_notatus;ok
Spinus_spinus;ok
Drepanis_coccinea;ok
Cinclodes_antarcticus;ok
Cinclodes_patagonicus;ok
Furnarius_rufus;ok
Geositta_cunicularia;ok
Atticora_fasciata;ok
Cecropis_abyssinica;ok
Delichon_urbicum;ok
Hirundo_aethiopica;ok
Hirundo_rustica;ok
Phedina_borbonica;ok
Progne_chalybea;ok
Pseudochelidon_eurystomina;ok
Ptyonoprogne_rupestris;ok
Riparia_paludicola;ok
Riparia_riparia;ok
Tachycineta_leucopyga;ok
Cacicus_cela;ok
Icteria_virens;ok
Leistes_loyca;ok
Quiscalus_lugubris;ok
Chloropsis_aurifrons;ok
Lanius_collurio;ok
Lanius_humeralis;ok
Lanius_senator;ok
Alcippe_poioicephala;ok
Garrulax_leucolophus;ok
Pterorhinus_albogularis;ok
Sylvietta_rufescens;ok
Sylvietta_virens;ok
Laniarius_luehderi;ok
Malurus_cyaneus;ok
Gliciphila_undulata;ok
Lichmera_incana;ok
Myzomela_rubratra;ok
Philemon_buceroides;ok
Philemon_corniculatus;ok
Philemon_diemenensis;ok
Mimus_saturninus;ok
Ramphocinclus_brachyurus;ok
Moho_nobilis;ok
Chasiempis_sandwichensis;ok
Hypothymis_azurea;ok
Mayrornis_lessoni;ok
Terpsiphone_batesi;ok
Terpsiphone_bourbonnensis;ok
Terpsiphone_corvina;ok
Terpsiphone_mutata;ok
Terpsiphone_paradisi;ok
Terpsiphone_viridis;ok
Trochocercus_nitens;ok
Anthus_campestris;ok
Anthus_correndera;ok
Anthus_pratensis;ok
Anthus_trivialis;ok
Motacilla_alba;ok
Motacilla_flava;ok
Alethe_castanea;ok
Anthipes_monileger;ok
Cercotrichas_galactotes;ok
Cercotrichas_leucosticta;ok
Cercotrichas_podobe;ok
Copsychus_albospecularis;ok
Copsychus_saularis;ok
Copsychus_sechellarum;ok
Cyornis_banyumas;ok
Cyornis_unicolor;ok
Erithacus_rubecula;ok
Ficedula_hypoleuca;ok
Fraseria_cinerascens;ok
Humblotia_flavirostris;ok
Copsychus_malabaricus;ok
Luscinia_megarhynchos;ok
Melaenornis_pammelaina;ok
Bradornis_comitatus;ok
Muscicapa_striata;ok
Fraseria_griseigularis;ok
Oenanthe_hispanica;ok
Oenanthe_isabellina;ok
Oenanthe_oenanthe;ok
Phoenicurus_ochruros;ok
Phoenicurus_phoenicurus;ok
Saxicola_rubetra;ok
Saxicola_tectes;ok
Saxicola_torquatus;ok
Copsychus_fulicatus;ok
Anthreptes_malacensis;ok
Arachnothera_longirostra;ok
Chalcomitra_rubescens;ok
Chalcomitra_senegalensis;ok
Chalcoparia_singalensis;ok
Cinnyris_bifasciatus;ok
Cinnyris_chloropygius;ok
Cinnyris_coccinigastrus;ok
Cinnyris_dussumieri;ok
Cinnyris_habessinicus;ok
Cinnyris_jugularis;ok
Cinnyris_notatus;ok
Cinnyris_sovimanga;ok
Cinnyris_venustus;ok
Cyanomitra_olivacea;ok
Cyanomitra_veroxii;ok
Hedydipna_collaris;ok
Oriolus_traillii;ok
Oriolus_xanthornus;ok
Turnagra_capensis;ok
Pachycephala_olivacea;ok
Pachycephala_rufiventris;ok
Pachycephala_vitiensis;ok
Paradigalla_carunculata;ok
Cicinnurus_regius;ok
Lophorina_superba;ok
Parotia_lawesii;ok
Pardalotus_punctatus;ok
Cyanistes_caeruleus;ok
Parus_major;ok
Poecile_hudsonicus;ok
Poecile_montanus;ok
Cardellina_canadensis;ok
Geothlypis_formosa;ok
Geothlypis_trichas;ok
Setophaga_fusca;ok
Setophaga_petechia;ok
Arremon_taciturnus;ok
Zonotrichia_capensis;ok
Passer_domesticus;ok
Petronia_petronia;ok
Gampsorhynchus_rufulus;ok
Illadopsis_puveli;ok
Illadopsis_rufipennis;ok
Pellorneum_ruficeps;ok
Schoeniparus_rufogularis;ok
Petroica_australis;ok
Petroica_macrocephala;ok
Petroica_phoenicea;ok
Philepitta_castanea;ok
Phylloscopus_collybita;ok
Phylloscopus_trochilus;ok
Phylloscopus_bonelli;ok
Phylloscopus_sibilatrix;ok
Ceratopipra_erythrocephala;ok
Manacus_manacus;ok
Pipra_aureola;ok
Pitta_brachyura;ok
Erythropitta_granatina;ok
Pitta_moluccensis;ok
Batis_orientalis;ok
Batis_senegalensis;ok
Batis_soror;ok
Platysteira_castanea;ok
Platysteira_cyanea;ok
Platysteira_peltata;ok
Euplectes_axillaris;ok
Euplectes_capensis;ok
Euplectes_hordeaceus;ok
Euplectes_macroura;ok
Euplectes_orix;ok
Foudia_eminentissima;ok
Foudia_madagascariensis;ok
Malimbus_nitens;ok
Ploceus_cucullatus;ok
Ploceus_nelicourvi;ok
Ploceus_nigerrimus;ok
Ploceus_nigricollis;ok
Ploceus_ocularis;ok
Ploceus_sakalava;ok
Ploceus_subaureus;ok
Pachyphantes_superciliosus;ok
Quelea_quelea;ok
Polioptila_plumbea;ok
Prunella_modularis;ok
Alophoixus_pallidus;ok
Andropadus_importunus;ok
Baeopogon_indicator;ok
Bleda_canicapillus;ok
Bleda_eximius;ok
Bleda_notatus;ok
Microtarsus_melanocephalos;ok
Eurillas_latirostris;ok
Eurillas_virens;ok
Hypsipetes_madagascariensis;ok
Iole_propinqua;ok
Phyllastrephus_fischeri;ok
Pycnonotus_barbatus;ok
Pycnonotus_blanfordi;ok
Pycnonotus_finlaysoni;ok
Pycnonotus_goiavier;ok
Pycnonotus_jocosus;ok
Rubigula_squamata;ok
Regulus_ignicapilla;ok
Regulus_regulus;ok
Anthoscopus_minutus;ok
Rhipidura_albiscapa;ok
Rhipidura_fuliginosa;ok
Rhipidura_hyperythra;ok
Rhipidura_rufifrons;ok
Cettia_cetti;ok
Hylia_prasina;ok
Sitta_europaea;ok
Acridotheres_burmannicus;ok
Aplonis_striata;ok
Gracula_religiosa;ok
Gracupica_nigricollis;ok
Hartlaubius_auratus;ok
Lamprotornis_chalybaeus;ok
Sturnus_vulgaris;ok
Curruca_cantillans;ok
Curruca_communis;ok
Curruca_undata;ok
Sylvia_atricapilla;ok
Cercomacroides_nigrescens;ok
Epinecrophylla_gutturalis;ok
Formicivora_grisea;ok
Myrmelastes_leucostigma;ok
Myrmoderus_ferrugineus;ok
Myrmotherula_longipennis;ok
Myrmotherula_schisticolor;ok
Percnostola_rufifrons;ok
Sclateria_naevia;ok
Taraba_major;ok
Thamnophilus_doliatus;ok
Coereba_flaveola;ok
Compsothraupis_loricata;ok
Lanio_fulvus;ok
Loxigilla_noctis;ok
Phrygilus_gayi;ok
Ramphocelus_carbo;ok
Saltator_grossus;ok
Saltator_maximus;ok
Sicalis_flaveola;ok
Sicalis_lutea;ok
Sporophila_americana;ok
Sporophila_minuta;ok
Sporophila_torqueola;ok
Tangara_chilensis;ok
Thraupis_episcopus;ok
Tangara_fastuosa;ok
Tangara_gyrola;ok
Tangara_labradorides;ok
Tangara_nigroviridis;ok
Thraupis_palmarum;ok
Volatinia_jacarina;ok
Mixornis_gularis;ok
Spelaeornis_troglodytoides;ok
Pachyramphus_surinamus;ok
Cistothorus_platensis;ok
Thryophilus_rufalbus;ok
Troglodytes_aedon;ok
Troglodytes_troglodytes;ok
Myadestes_obscurus;ok
Stizorhina_fraseri;ok
Turdus_albicollis;ok
Turdus_fumigatus;ok
Turdus_merula;ok
Turdus_philomelos;ok
Turdus_pilaris;ok
Cnemotriccus_fuscatus;ok
Elaenia_albiceps;ok
Elaenia_flavogaster;ok
Empidonax_flaviventris;ok
Lessonia_rufa;ok
Megarynchus_pitangua;ok
Myiarchus_tuberculifer;ok
Pitangus_sulphuratus;ok
Tyrannus_melancholicus;ok
Oncostoma_cinereigulare;ok
Rhynchocyclus_olivaceus;ok
Todirostrum_cinereum;ok
Myiobius_barbatus;ok
Artamella_viridis;ok
Bias_musicus;ok
Calicalicus_madagascariensis;ok
Euryceros_prevostii;ok
Falculea_palliata;ok
Leptopterus_chabert;ok
Megabyas_flammulatus;ok
Mystacornis_crossleyi;ok
Newtonia_amphichroa;ok
Newtonia_brunneicauda;ok
Prionops_plumatus;ok
Pseudobias_wardi;ok
Schetba_rufa;ok
Tylas_eduardi;ok
Vanga_curvirostris;ok
Xenopirostris_xenopirostris;ok
Vidua_chalybeata;ok
Vidua_macroura;ok
Zosterops_borbonicus;ok
Zosterops_chloronothos;ok
Zosterops_lugubris;ok
Accipiter_nisus;not_ok
Aquila_fasciata;not_ok
Buteo_buteo;not_ok
Circaetus_gallicus;not_ok
Milvus_milvus;not_ok
Pernis_apivorus;not_ok
Anas_eatoni;not_ok
Anas_melleri;not_ok
Anas_platyrhynchos;not_ok
Anas_superciliosa;not_ok
Aythya_ferina;not_ok
Cairina_moschata;not_ok
Chloephaga_picta;not_ok
Chloephaga_poliocephala;not_ok
Clangula_hyemalis;not_ok
Mergus_merganser;not_ok
Somateria_mollissima;not_ok
Tadorna_tadorna;not_ok
Thalassornis_leuconotus;not_ok
Lophoceros_alboterminatus;not_ok
Lophoceros_nasutus;not_ok
Caprimulgus_climacurus;not_ok
Steatornis_caripensis;not_ok
Burhinus_oedicnemus;not_ok
Anous_stolidus;not_ok
Chroicocephalus_brunnicephalus;not_ok
Chroicocephalus_cirrocephalus;not_ok
Chroicocephalus_genei;not_ok
Gelochelidon_nilotica;not_ok
Larus_michahellis;not_ok
Thalasseus_maximus;not_ok
Gallinago_undulata;not_ok
Limosa_lapponica;not_ok
Stercorarius_pomarinus;not_ok
Columba_leucomela;not_ok
Columba_palumbus;not_ok
Dacelo_novaeguineae;not_ok
Uratelornis_chimaera;not_ok
Centropus_leucogaster;not_ok
Centropus_sinensis;not_ok
Centropus_toulou;not_ok
Coua_caerulea;not_ok
Coua_coquereli;not_ok
Coua_ruficeps;not_ok
Coua_serriana;not_ok
Phaenicophaeus_tristis;not_ok
Piaya_cayana;not_ok
Rhynochetos_jubatus;not_ok
Falco_cherrug;not_ok
Falco_peregrinus;not_ok
Megapodius_cumingii;not_ok
Numida_meleagris;not_ok
Lagopus_lagopus;not_ok
Lophura_nycthemera;not_ok
Phasianus_colchicus;not_ok
Fulica_atra;not_ok
Gallirallus_australis;not_ok
Leptosomus_discolor;not_ok
Opisthocomus_hoazin;not_ok
Corvus_corone;not_ok
Corvus_frugilegus;not_ok
Dendrocitta_vagabunda;not_ok
Pica_pica;not_ok
Platysmurus_leucopterus;not_ok
Dicrurus_paradiseus;not_ok
Tyrannus_savana;not_ok
